codigo_pais,es_inmigrante,anio,empleados,desempleados,participacion,tasa_participacion
AUS,1,2000,64.4,6.7,69.0,
AUS,1,2001,64.0,7.3,69.0,
AUS,1,2002,64.5,6.8,69.2,
AUS,1,2003,64.9,6.4,69.3,
AUS,1,2004,66.0,5.5,69.9,
AUS,1,2005,67.4,5.3,71.2,
AUS,1,2006,67.9,5.1,71.5,
AUS,1,2007,68.6,4.9,72.1,
AUS,1,2008,69.8,4.6,73.2,
AUS,1,2009,68.3,6.7,73.2,
AUS,1,2010,69.2,5.5,73.3,58.5
AUS,1,2011,70.5,5.2,74.4,64.9
AUS,1,2012,70.0,5.4,74.0,63.4
AUS,1,2013,69.7,5.9,74.1,64.8
AUS,1,2014,69.6,6.1,74.1,64.5
AUS,1,2015,69.9,6.2,74.6,64.1
AUS,1,2016,70.3,6.0,74.7,63.7
AUS,1,2017,70.8,5.9,75.2,64.5
AUS,1,2018,72.0,5.5,76.2,63.9
AUS,1,2019,72.3,5.5,76.5,63.5
AUS,1,2020,71.0,7.1,76.4,64.7
AUS,1,2021,74.2,5.3,78.4,
AUT,1,2000,66.8,8.0,72.7,62.3
AUT,1,2001,66.6,7.5,72.0,62.3
AUT,1,2002,65.9,8.7,72.2,62.6
AUT,1,2003,67.7,8.3,73.8,64.9
AUT,1,2004,61.6,11.0,69.2,60.3
AUT,1,2005,62.2,10.6,69.7,60.4
AUT,1,2006,63.4,9.8,70.2,60.7
AUT,1,2007,65.0,9.0,71.5,62.1
AUT,1,2008,65.1,7.5,70.4,60.4
AUT,1,2009,64.7,9.5,71.5,61.2
AUT,1,2010,66.3,8.2,72.3,62.2
AUT,1,2011,66.7,8.2,72.6,62.8
AUT,1,2012,65.6,8.9,72.0,62.3
AUT,1,2013,65.2,9.9,72.3,62.7
AUT,1,2014,64.9,10.1,72.2,62.8
AUT,1,2015,64.7,10.7,72.4,63.4
AUT,1,2016,64.6,11.4,72.9,64.2
AUT,1,2017,65.6,10.7,73.4,64.6
AUT,1,2018,68.0,9.4,75.1,65.8
AUT,1,2019,68.9,8.3,75.1,65.5
AUT,1,2020,66.1,11.6,74.4,64.8
AUT,1,2021,67.6,11.3,76.2,66.4
BEL,1,2000,49.7,15.8,59.0,
BEL,1,2001,47.6,14.4,55.6,
BEL,1,2002,48.5,16.7,58.2,
BEL,1,2003,47.1,17.8,57.3,
BEL,1,2004,50.1,14.9,58.9,
BEL,1,2005,50.2,17.0,60.5,
BEL,1,2006,50.1,17.3,60.6,
BEL,1,2007,50.9,16.4,60.8,
BEL,1,2008,54.0,14.6,63.2,
BEL,1,2009,52.2,16.2,62.3,
BEL,1,2010,53.0,17.1,64.0,
BEL,1,2011,52.6,15.1,61.9,
BEL,1,2012,52.0,16.9,62.5,
BEL,1,2013,52.7,17.2,63.7,
BEL,1,2014,52.8,17.6,64.1,
BEL,1,2015,53.3,17.0,64.2,
BEL,1,2016,54.1,15.7,64.2,
BEL,1,2017,56.5,13.4,65.2,
BEL,1,2018,58.3,11.5,65.9,
BEL,1,2019,58.7,10.4,65.5,
BEL,1,2020,57.5,11.0,64.5,
BEL,1,2021,59.4,11.0,66.8,
CAN,1,2008,70.8,7.0,76.2,
CAN,1,2009,68.5,10.1,76.2,
CAN,1,2010,68.8,9.8,76.2,
CAN,1,2011,69.0,8.8,75.6,
CAN,1,2012,70.1,8.4,76.5,
CAN,1,2013,70.6,8.2,76.9,
CAN,1,2014,70.1,8.0,76.2,
CAN,1,2015,70.9,7.5,76.7,
CAN,1,2016,71.7,7.6,77.6,
CAN,1,2017,72.8,6.8,78.1,
CAN,1,2018,72.3,6.4,77.3,
CAN,1,2019,73.2,6.3,78.1,
CAN,1,2020,68.5,10.8,76.8,
CAN,1,2021,73.3,8.5,80.1,
CZE,1,2000,64.9,8.8,71.2,
CZE,1,2001,65.0,8.0,70.7,
CZE,1,2002,58.8,11.2,66.2,
CZE,1,2003,58.8,12.1,66.9,
CZE,1,2004,56.9,12.9,65.3,
CZE,1,2005,61.4,12.2,70.0,
CZE,1,2006,60.5,11.5,68.4,
CZE,1,2007,67.3,9.1,74.0,
CZE,1,2008,66.4,7.0,71.4,
CZE,1,2009,65.8,9.6,72.7,
CZE,1,2010,68.1,7.2,73.3,
CZE,1,2011,67.8,8.3,73.9,
CZE,1,2012,67.3,8.9,73.8,
CZE,1,2013,69.8,8.3,76.2,
CZE,1,2014,71.8,7.0,77.3,
CZE,1,2015,71.1,6.8,76.3,
CZE,1,2016,73.5,6.1,78.3,
CZE,1,2017,77.5,3.0,79.9,
CZE,1,2018,79.4,2.5,81.4,
CZE,1,2019,79.2,2.9,81.6,
CZE,1,2020,79.3,3.0,81.8,
CZE,1,2021,79.8,3.3,82.5,
DNK,1,2000,60.3,8.6,65.9,
DNK,1,2001,61.6,8.3,67.2,
DNK,1,2002,62.2,8.9,68.3,
DNK,1,2003,58.0,13.1,66.7,
DNK,1,2004,59.4,12.5,67.9,
DNK,1,2005,63.4,9.6,70.1,
DNK,1,2006,64.2,7.4,69.4,
DNK,1,2007,62.5,8.2,68.1,
DNK,1,2008,66.1,7.1,71.2,
DNK,1,2009,67.9,9.9,75.4,
DNK,1,2010,63.6,13.8,73.8,
DNK,1,2011,61.7,14.5,72.2,
DNK,1,2012,61.1,14.7,71.7,
DNK,1,2013,62.9,12.4,71.8,
DNK,1,2014,63.9,12.3,72.8,
DNK,1,2015,63.6,12.2,72.5,
DNK,1,2016,66.8,11.4,75.4,
DNK,1,2017,65.0,10.6,72.7,
DNK,1,2018,66.4,9.8,73.6,
DNK,1,2019,65.7,8.4,71.8,
DNK,1,2020,66.7,8.5,73.0,
DNK,1,2021,70.0,7.3,75.6,
FIN,1,2000,45.2,31.7,66.1,
FIN,1,2001,57.4,23.8,75.3,
FIN,1,2002,60.6,19.3,75.1,
FIN,1,2003,58.6,19.3,72.6,
FIN,1,2004,55.7,23.1,72.5,
FIN,1,2005,55.4,22.6,71.6,
FIN,1,2006,59.8,18.1,73.0,
FIN,1,2007,63.5,14.5,74.2,
FIN,1,2008,65.5,14.8,76.9,
FIN,1,2009,64.4,16.3,76.9,
FIN,1,2010,64.4,13.8,74.7,
FIN,1,2011,62.1,14.0,72.2,
FIN,1,2012,63.8,14.2,74.3,
FIN,1,2013,63.4,14.8,74.4,
FIN,1,2014,60.7,16.8,72.9,
FIN,1,2015,59.3,17.5,71.8,
FIN,1,2016,59.0,17.6,71.6,
FIN,1,2017,60.3,15.8,71.6,
FIN,1,2018,62.2,14.1,72.4,
FIN,1,2019,64.2,11.9,72.9,
FIN,1,2020,63.7,13.5,73.7,
FIN,1,2021,66.2,13.7,76.7,
FRA,1,2000,52.2,16.7,62.7,
FRA,1,2001,53.5,14.2,62.4,
FRA,1,2002,53.0,14.2,61.7,
FRA,1,2003,57.1,15.0,67.2,
FRA,1,2004,58.3,14.4,68.1,
FRA,1,2005,57.4,14.4,67.0,
FRA,1,2006,57.2,14.2,66.7,
FRA,1,2007,58.7,13.1,67.6,
FRA,1,2008,59.5,12.0,67.6,
FRA,1,2009,57.3,15.1,67.5,
FRA,1,2010,57.9,14.5,67.7,
FRA,1,2011,57.3,15.4,67.7,
FRA,1,2012,57.6,14.9,67.7,
FRA,1,2013,56.9,16.2,67.9,
FRA,1,2014,56.4,16.6,67.6,
FRA,1,2015,55.5,17.3,67.1,
FRA,1,2016,55.3,16.7,66.4,
FRA,1,2017,56.6,15.4,66.9,
FRA,1,2018,58.5,14.6,68.5,
FRA,1,2019,58.9,13.1,67.8,
FRA,1,2020,59.8,12.5,68.7,
FRA,1,2021,61.1,12.3,69.7,
DEU,1,2000,59.4,10.6,66.5,
DEU,1,2001,60.8,9.8,67.4,
DEU,1,2002,60.2,10.5,67.2,
DEU,1,2003,58.9,13.1,67.8,
DEU,1,2004,57.8,14.5,67.6,
DEU,1,2005,56.4,17.5,68.4,
DEU,1,2006,58.2,16.7,69.9,
DEU,1,2007,60.2,14.6,70.5,
DEU,1,2008,62.9,12.3,71.7,
DEU,1,2009,62.1,13.1,71.5,
DEU,1,2010,65.0,10.8,72.9,
DEU,1,2011,66.9,8.9,73.4,
DEU,1,2012,68.0,8.5,74.3,
DEU,1,2013,68.3,8.1,74.3,
DEU,1,2014,68.4,7.9,74.2,
DEU,1,2015,68.4,7.7,74.1,
DEU,1,2016,68.0,6.8,73.0,
DEU,1,2017,68.1,6.4,72.7,
DEU,1,2018,69.5,6.0,73.9,
DEU,1,2019,70.8,5.6,75.0,
DEU,1,2020,66.9,7.1,72.3,
DEU,1,2021,68.3,6.5,73.0,
GRC,1,2000,60.3,14.7,70.7,
GRC,1,2001,61.1,14.5,71.5,
GRC,1,2002,64.7,12.4,73.9,
GRC,1,2003,66.3,10.3,73.9,
GRC,1,2004,64.1,11.6,72.5,
GRC,1,2005,66.0,10.3,73.6,
GRC,1,2006,66.8,9.4,73.7,
GRC,1,2007,66.6,8.7,72.9,
GRC,1,2008,67.5,7.8,73.2,
GRC,1,2009,66.0,12.0,75.0,
GRC,1,2010,64.0,16.2,76.4,
GRC,1,2011,58.4,22.2,75.1,
GRC,1,2012,49.6,33.8,75.0,
GRC,1,2013,47.6,38.0,76.7,
GRC,1,2014,50.3,34.5,76.8,
GRC,1,2015,52.2,32.0,76.9,
GRC,1,2016,53.7,30.7,77.5,
GRC,1,2017,52.8,29.9,75.3,
GRC,1,2018,52.8,28.6,73.9,
GRC,1,2019,53.3,28.6,74.6,
GRC,1,2020,50.6,30.3,71.1,
GRC,1,2021,54.9,23.0,71.3,
HUN,1,2000,58.5,4.1,61.0,
HUN,1,2001,54.7,4.7,57.4,
HUN,1,2002,56.9,5.1,59.9,
HUN,1,2003,62.4,3.3,64.6,
HUN,1,2004,61.4,4.1,64.0,
HUN,1,2005,62.6,4.6,65.6,
HUN,1,2006,60.7,7.0,65.3,
HUN,1,2007,64.5,4.3,67.4,
HUN,1,2008,64.7,6.1,68.9,
HUN,1,2009,65.5,9.1,72.0,
HUN,1,2010,65.5,7.5,70.8,
HUN,1,2011,62.1,9.5,68.6,
HUN,1,2012,66.6,9.5,73.6,
HUN,1,2013,67.8,9.9,75.2,
HUN,1,2014,70.4,6.0,74.9,
HUN,1,2015,71.1,6.8,76.3,
HUN,1,2016,73.8,5.8,78.3,
HUN,1,2017,73.7,3.4,76.3,
HUN,1,2018,71.7,4.6,75.2,
HUN,1,2019,77.4,2.7,79.6,
HUN,1,2020,76.6,5.2,81.2,
HUN,1,2021,80.3,3.4,83.1,
ISL,1,2000,86.6,0.8,87.3,
ISL,1,2001,87.9,1.2,88.9,
ISL,1,2002,86.1,3.7,89.4,
ISL,1,2003,87.2,4.0,90.8,
ISL,1,2004,80.1,8.1,87.1,
ISL,1,2005,81.8,2.5,83.9,
ISL,1,2006,84.0,2.2,85.9,
ISL,1,2007,85.5,3.0,88.1,
ISL,1,2008,81.2,4.9,85.4,
ISL,1,2009,77.0,11.8,87.3,
ISL,1,2010,74.7,13.5,86.4,
ISL,1,2011,75.8,11.2,85.4,
ISL,1,2012,79.0,9.5,87.3,
ISL,1,2013,79.9,8.6,87.4,
ISL,1,2014,81.9,7.6,88.7,
ISL,1,2015,80.7,7.0,86.8,
ISL,1,2016,86.6,4.1,90.3,
ISL,1,2017,88.1,2.8,90.6,
ISL,1,2018,82.5,5.1,87.0,
ISL,1,2019,82.4,4.7,86.5,
ISL,1,2020,75.3,11.6,85.2,
ISL,1,2021,77.0,10.8,86.3,
IRL,1,2000,64.9,5.7,68.8,
IRL,1,2001,66.9,4.8,70.3,
IRL,1,2002,65.4,5.0,68.9,
IRL,1,2003,63.1,6.4,67.4,
IRL,1,2004,64.0,6.1,68.1,
IRL,1,2005,68.7,6.0,73.0,
IRL,1,2006,71.1,6.1,75.7,
IRL,1,2007,73.1,5.9,77.7,
IRL,1,2008,71.3,6.8,76.5,
IRL,1,2009,62.2,15.7,73.8,
IRL,1,2010,59.3,16.9,71.3,
IRL,1,2011,59.0,17.3,71.3,
IRL,1,2012,58.8,17.3,71.1,
IRL,1,2013,60.5,15.7,71.9,
IRL,1,2014,61.2,13.5,70.8,
IRL,1,2015,62.6,11.4,70.7,
IRL,1,2016,65.1,9.3,71.8,
IRL,1,2017,69.0,8.2,75.2,
IRL,1,2018,70.7,7.2,76.2,
IRL,1,2019,71.5,5.9,75.9,
IRL,1,2020,67.4,7.5,72.8,
IRL,1,2021,71.8,7.5,77.6,
ITA,1,2000,60.9,12.2,69.4,
ITA,1,2001,59.2,13.0,68.1,
ITA,1,2002,65.3,8.8,71.6,
ITA,1,2003,67.2,6.4,71.8,
ITA,1,2004,63.4,9.2,69.9,
ITA,1,2005,63.0,10.0,70.0,
ITA,1,2006,65.1,8.5,71.2,
ITA,1,2007,65.9,7.9,71.6,
ITA,1,2008,65.1,8.5,71.1,
ITA,1,2009,62.8,11.0,70.6,
ITA,1,2010,61.9,11.5,69.9,
ITA,1,2011,61.5,11.7,69.6,
ITA,1,2012,60.0,13.8,69.7,
ITA,1,2013,58.1,16.7,69.7,
ITA,1,2014,58.4,16.4,69.8,
ITA,1,2015,58.6,15.7,69.5,
ITA,1,2016,59.2,14.9,69.6,
ITA,1,2017,60.0,14.2,69.9,
ITA,1,2018,60.9,13.7,70.6,
ITA,1,2019,61.4,13.1,70.7,
ITA,1,2020,57.8,12.5,66.2,
ITA,1,2021,59.3,13.1,68.2,
LUX,1,2000,66.5,2.9,68.4,
LUX,1,2001,69.4,2.5,71.2,
LUX,1,2002,69.3,3.5,71.8,
LUX,1,2003,67.9,4.7,71.3,
LUX,1,2004,67.2,7.3,72.6,
LUX,1,2005,69.2,5.6,73.3,
LUX,1,2006,68.9,6.5,73.7,
LUX,1,2007,71.1,4.6,74.5,
LUX,1,2008,69.0,6.6,73.8,
LUX,1,2009,69.0,7.3,74.5,
LUX,1,2010,70.4,6.0,74.9,
LUX,1,2011,69.8,6.7,74.8,
LUX,1,2012,71.3,6.4,76.2,
LUX,1,2013,71.5,7.5,77.3,
LUX,1,2014,72.0,7.2,77.6,
LUX,1,2015,69.5,8.7,76.1,
LUX,1,2016,69.0,8.1,75.1,
LUX,1,2017,70.8,6.5,75.8,
LUX,1,2018,71.4,6.4,76.3,
LUX,1,2019,72.0,6.7,77.3,
LUX,1,2020,71.0,8.2,77.3,
LUX,1,2021,72.8,5.9,77.4,
MEX,1,2005,55.6,3.1,57.4,
MEX,1,2006,56.2,4.0,58.6,
MEX,1,2007,54.4,6.2,58.0,
MEX,1,2008,51.8,4.6,54.2,
MEX,1,2009,48.2,7.0,51.9,
MEX,1,2010,49.4,6.8,52.9,
MEX,1,2011,53.0,6.3,56.5,
MEX,1,2012,53.6,7.3,57.9,
MEX,1,2013,54.0,6.9,58.0,
MEX,1,2014,53.4,6.8,57.3,
MEX,1,2015,51.8,5.4,54.7,
MEX,1,2016,55.0,4.5,57.6,
MEX,1,2017,52.2,4.2,54.5,
MEX,1,2018,51.8,4.1,54.1,
MEX,1,2019,53.2,5.3,56.2,
MEX,1,2020,47.4,6.5,50.7,
MEX,1,2021,51.7,5.4,54.7,
NLD,1,2000,59.9,6.2,63.8,
NLD,1,2001,63.1,4.4,66.1,
NLD,1,2002,63.2,5.3,66.7,
NLD,1,2003,61.0,8.6,66.8,
NLD,1,2004,60.0,10.2,66.8,
NLD,1,2005,61.1,10.4,68.2,
NLD,1,2006,59.4,10.6,66.4,
NLD,1,2007,62.4,7.6,67.5,
NLD,1,2008,65.7,6.6,70.3,
NLD,1,2009,64.5,8.1,70.2,
NLD,1,2010,64.3,8.2,70.1,
NLD,1,2011,64.0,9.5,70.7,
NLD,1,2012,63.1,11.3,71.2,
NLD,1,2013,61.2,13.4,70.7,
NLD,1,2014,61.4,12.9,70.4,
NLD,1,2015,61.1,12.1,69.5,
NLD,1,2016,62.0,10.6,69.3,
NLD,1,2017,63.0,8.9,69.2,
NLD,1,2018,64.9,7.0,69.8,
NLD,1,2019,66.5,6.0,70.8,
NLD,1,2020,67.4,8.6,73.1,
NLD,1,2021,66.8,7.9,72.6,
NZL,1,2001,64.3,6.3,68.7,
NZL,1,2002,64.4,6.1,68.6,
NZL,1,2003,64.7,5.5,68.4,
NZL,1,2004,66.2,5.0,69.7,
NZL,1,2005,67.7,4.5,70.9,
NZL,1,2006,69.5,4.4,72.7,
NZL,1,2007,70.4,4.2,73.5,
NZL,1,2008,70.0,4.7,73.5,
NZL,1,2009,68.8,7.0,74.0,
NZL,1,2010,68.3,7.4,73.8,
NZL,1,2011,70.3,6.8,75.4,
NZL,1,2012,70.5,7.6,76.3,
NZL,1,2013,71.5,6.2,76.3,
NZL,1,2014,71.9,6.3,76.8,
NZL,1,2015,73.5,6.0,78.2,
NZL,1,2016,75.0,5.0,79.0,
NZL,1,2018,77.2,4.1,80.5,
NZL,1,2019,77.8,3.6,80.7,
NZL,1,2020,78.1,4.4,81.7,
NZL,1,2021,80.8,3.2,83.5,
NOR,1,2000,69.0,6.1,73.5,
NOR,1,2001,70.3,6.9,75.5,
NOR,1,2002,69.0,8.5,75.4,
NOR,1,2003,67.3,9.0,73.9,
NOR,1,2004,66.4,8.2,72.4,
NOR,1,2005,63.3,10.6,70.7,
NOR,1,2006,66.3,8.3,72.3,
NOR,1,2007,69.9,5.1,73.7,
NOR,1,2008,74.0,5.5,78.3,
NOR,1,2009,68.7,8.4,75.0,
NOR,1,2010,69.4,7.9,75.3,
NOR,1,2011,68.7,8.1,74.8,
NOR,1,2012,70.9,6.8,76.1,
NOR,1,2013,70.3,7.8,76.2,
NOR,1,2014,69.8,7.9,75.8,
NOR,1,2015,68.6,10.4,76.6,
NOR,1,2016,69.2,9.7,76.7,
NOR,1,2017,69.3,9.1,76.2,
NOR,1,2018,69.7,7.9,75.6,
NOR,1,2019,69.8,7.4,75.4,
NOR,1,2020,68.0,8.9,74.6,
NOR,1,2021,70.2,8.9,77.0,
POL,1,2000,55.1,16.6,66.1,
POL,1,2001,53.7,18.7,66.0,
POL,1,2002,51.7,20.2,64.9,
POL,1,2003,51.4,19.7,64.0,
POL,1,2004,27.2,18.2,33.3,
POL,1,2005,29.9,12.3,34.1,
POL,1,2006,35.4,7.1,38.2,
POL,1,2007,36.8,9.4,40.6,
POL,1,2008,43.5,5.1,45.8,
POL,1,2009,45.5,11.6,51.5,
POL,1,2010,50.4,11.6,57.0,
POL,1,2011,55.2,11.9,62.7,
POL,1,2012,61.9,6.9,66.4,
POL,1,2013,59.2,12.2,67.5,
POL,1,2014,63.0,12.1,71.6,
POL,1,2015,60.7,10.6,67.9,
POL,1,2016,62.6,10.2,69.8,
POL,1,2017,69.9,8.3,76.2,
POL,1,2018,73.0,4.7,76.6,
POL,1,2019,75.0,5.7,79.5,
POL,1,2020,76.4,,80.3,
POL,1,2021,80.4,5.1,84.7,
PRT,1,2000,70.2,6.4,75.0,70.7
PRT,1,2001,71.3,5.8,75.7,71.9
PRT,1,2002,74.5,6.2,79.4,75.5
PRT,1,2003,72.7,9.1,79.9,75.7
PRT,1,2004,70.1,9.7,77.6,73.3
PRT,1,2005,72.5,9.4,80.0,75.7
PRT,1,2006,71.8,9.8,79.5,75.5
PRT,1,2007,73.1,9.6,80.9,75.5
PRT,1,2008,74.0,9.5,81.7,77.4
PRT,1,2009,69.8,13.1,80.4,76.4
PRT,1,2010,69.1,15.0,81.3,76.4
PRT,1,2011,68.7,16.9,82.7,77.8
PRT,1,2012,66.4,19.4,82.4,77.0
PRT,1,2013,62.6,21.8,80.0,74.7
PRT,1,2014,66.6,16.9,80.2,75.2
PRT,1,2015,68.0,14.8,79.8,74.2
PRT,1,2016,70.4,13.3,81.2,75.3
PRT,1,2017,74.3,10.0,82.6,76.3
PRT,1,2018,75.1,8.5,82.1,75.9
PRT,1,2019,76.3,8.4,83.3,76.8
PRT,1,2020,73.7,9.0,81.0,75.1
PRT,1,2021,76.9,7.0,82.7,76.0
SVK,1,2000,56.3,19.1,69.5,
SVK,1,2001,56.7,19.4,70.4,
SVK,1,2002,56.5,18.7,69.5,
SVK,1,2003,54.5,22.4,70.2,
SVK,1,2004,52.4,24.7,69.7,
SVK,1,2005,51.4,22.2,66.0,
SVK,1,2006,55.2,13.9,64.1,
SVK,1,2007,66.0,6.8,70.9,
SVK,1,2008,68.1,6.8,73.1,
SVK,1,2009,60.6,13.1,69.7,
SVK,1,2010,56.5,11.8,64.0,
SVK,1,2011,59.4,15.6,70.4,
SVK,1,2012,63.7,11.6,72.0,
SVK,1,2013,66.4,10.7,74.4,
SVK,1,2014,66.1,7.4,71.3,
SVK,1,2015,58.4,13.6,67.6,
SVK,1,2016,64.7,6.2,69.0,
SVK,1,2017,69.8,5.2,73.6,
SVK,1,2018,73.3,,78.9,
SVK,1,2019,78.7,,81.7,
SVK,1,2020,73.3,,78.1,
SVK,1,2021,73.7,8.1,80.2,
ESP,1,2000,60.1,15.2,70.9,
ESP,1,2001,64.1,12.5,73.2,
ESP,1,2002,65.3,13.6,75.5,
ESP,1,2003,65.5,14.1,76.2,
ESP,1,2004,66.6,13.9,77.4,
ESP,1,2005,69.3,11.2,78.0,
ESP,1,2006,69.7,11.2,78.5,
ESP,1,2007,70.3,10.3,78.3,
ESP,1,2008,65.8,16.4,78.6,
ESP,1,2009,57.4,27.4,79.1,
ESP,1,2010,55.3,30.5,79.5,
ESP,1,2011,55.1,30.5,79.2,
ESP,1,2012,52.1,34.5,79.6,
ESP,1,2013,50.7,35.8,78.9,
ESP,1,2014,52.3,33.3,78.5,
ESP,1,2015,55.2,29.8,78.7,
ESP,1,2016,57.6,26.1,77.9,
ESP,1,2017,59.6,23.4,77.9,
ESP,1,2018,61.6,20.7,77.6,
ESP,1,2019,62.7,18.9,77.4,
ESP,1,2020,57.4,23.3,75.0,
ESP,1,2021,60.4,21.6,77.1,
SWE,1,2000,49.8,12.4,56.8,
SWE,1,2001,61.8,10.0,68.7,
SWE,1,2002,62.1,10.2,69.1,
SWE,1,2003,62.3,11.1,70.1,
SWE,1,2004,61.3,13.5,70.8,
SWE,1,2005,61.0,14.4,71.3,
SWE,1,2006,61.6,13.4,71.2,
SWE,1,2007,63.1,12.1,71.8,
SWE,1,2008,64.0,12.2,72.9,
SWE,1,2009,62.1,15.4,73.4,
SWE,1,2010,61.2,16.4,73.2,
SWE,1,2011,62.5,16.3,74.6,
SWE,1,2012,62.8,16.1,74.9,
SWE,1,2013,62.9,16.4,75.2,
SWE,1,2014,63.5,16.4,76.0,
SWE,1,2015,64.1,16.2,76.5,
SWE,1,2016,64.9,15.9,77.1,
SWE,1,2017,66.3,15.4,78.4,
SWE,1,2018,66.7,15.7,79.1,
SWE,1,2019,65.8,15.5,77.9,
SWE,1,2020,63.0,19.3,78.0,
SWE,1,2021,64.9,19.4,80.5,
CHE,1,2000,78.3,2.7,80.5,
CHE,1,2001,75.7,4.6,79.3,
CHE,1,2002,78.8,3.0,81.2,
CHE,1,2003,72.6,8.1,79.0,
CHE,1,2004,72.3,8.3,78.9,
CHE,1,2005,71.7,8.6,78.4,
CHE,1,2006,72.7,7.9,78.9,
CHE,1,2007,73.7,7.1,79.3,
CHE,1,2008,75.5,6.2,80.4,
CHE,1,2009,75.7,6.9,81.4,
CHE,1,2010,74.6,7.8,80.9,
CHE,1,2011,75.7,6.7,81.2,
CHE,1,2012,76.1,7.0,81.9,
CHE,1,2013,75.9,7.7,82.2,
CHE,1,2014,76.3,7.7,82.6,
CHE,1,2015,76.5,7.9,83.1,
CHE,1,2016,76.6,8.2,83.4,
CHE,1,2017,75.8,8.0,82.4,
CHE,1,2018,76.6,7.9,83.1,
CHE,1,2019,77.1,7.3,83.1,
CHE,1,2020,77.0,7.4,83.3,
CHE,1,2021,75.2,8.1,81.8,
TUR,1,2008,48.8,8.8,53.5,
TUR,1,2009,47.2,15.1,55.7,43.1
TUR,1,2010,49.5,12.8,56.8,41.9
TUR,1,2011,49.7,11.1,55.9,40.4
TUR,1,2012,46.1,11.4,52.0,43.2
TUR,1,2013,46.6,11.1,52.4,43.2
TUR,1,2014,46.3,12.7,53.0,45.1
TUR,1,2015,44.4,12.8,50.9,43.3
TUR,1,2016,43.9,12.6,50.2,43.6
TUR,1,2017,46.2,11.9,52.4,46.1
TUR,1,2018,47.4,12.1,53.9,47.5
TUR,1,2019,44.2,14.6,51.7,45.2
TUR,1,2020,40.1,15.8,47.7,41.7
GBR,1,2000,61.4,8.9,67.3,
GBR,1,2001,62.6,7.3,67.4,
GBR,1,2002,63.0,7.6,68.2,
GBR,1,2003,62.8,7.4,67.8,
GBR,1,2004,63.4,7.4,68.4,
GBR,1,2005,63.7,7.3,68.8,
GBR,1,2006,66.2,7.6,71.6,
GBR,1,2007,66.4,7.6,71.9,
GBR,1,2008,67.9,6.7,72.8,
GBR,1,2009,66.6,8.4,72.7,
GBR,1,2010,66.8,8.0,72.7,
GBR,1,2011,66.7,9.5,73.7,
GBR,1,2012,66.5,9.3,73.3,
GBR,1,2013,67.5,8.9,74.1,
GBR,1,2014,69.4,7.1,74.7,
GBR,1,2015,70.5,6.4,75.4,
GBR,1,2016,71.9,5.5,76.1,
GBR,1,2017,72.5,5.1,76.4,
GBR,1,2018,73.7,4.7,77.3,
GBR,1,2019,74.7,4.3,78.0,
GBR,1,2021,75.5,4.4,79.9,
USA,1,2000,70.5,4.3,73.6,
USA,1,2001,69.8,5.4,73.8,
USA,1,2002,68.5,6.4,73.2,
USA,1,2003,68.5,6.6,73.4,
USA,1,2004,69.7,5.6,73.8,
USA,1,2005,70.5,4.8,74.0,
USA,1,2006,71.6,4.2,74.7,
USA,1,2007,71.8,4.4,75.1,
USA,1,2008,70.8,5.9,75.2,
USA,1,2009,67.7,9.7,75.0,
USA,1,2010,67.6,9.8,75.0,
USA,1,2011,67.5,9.1,74.3,
USA,1,2012,67.7,8.1,73.7,
USA,1,2013,68.4,7.0,73.5,
USA,1,2014,69.1,5.8,73.4,
USA,1,2015,69.2,5.0,72.9,
USA,1,2016,70.0,4.3,73.2,
USA,1,2017,71.0,4.0,74.0,
USA,1,2018,71.6,3.5,74.2,
USA,1,2019,72.2,3.1,74.6,
USA,1,2020,67.0,9.0,73.6,
USA,1,2021,70.0,5.6,74.2,
CHL,1,2006,64.9,5.4,68.6,
CHL,1,2009,64.7,8.2,70.4,
CHL,1,2011,68.1,5.9,72.4,
CHL,1,2013,74.2,3.9,77.2,
CHL,1,2015,73.9,5.8,78.4,
CHL,1,2017,76.9,7.5,83.2,
CHL,1,2020,77.7,10.2,77.7,
EST,1,2000,63.0,12.2,71.8,58.4
EST,1,2001,62.5,13.8,72.5,57.9
EST,1,2002,63.2,13.0,72.7,57.0
EST,1,2003,63.5,13.7,73.6,58.5
EST,1,2004,66.6,12.4,76.0,53.3
EST,1,2005,68.9,10.5,76.9,53.0
EST,1,2006,71.8,7.8,77.9,53.1
EST,1,2007,74.2,5.7,78.8,51.1
EST,1,2008,74.8,6.0,79.6,50.9
EST,1,2009,67.8,14.8,79.6,50.8
EST,1,2010,59.1,22.8,76.6,50.1
EST,1,2011,63.6,16.9,76.5,50.5
EST,1,2012,67.2,12.9,77.2,49.5
EST,1,2013,68.4,11.0,76.9,49.5
EST,1,2014,68.0,9.3,74.9,45.0
EST,1,2015,70.2,7.8,76.2,47.2
EST,1,2016,70.8,9.0,77.8,49.0
EST,1,2017,71.7,6.4,76.6,46.5
EST,1,2018,70.1,7.9,76.1,47.0
EST,1,2019,74.6,6.2,79.6,50.5
EST,1,2020,74.8,7.8,81.6,50.8
EST,1,2021,71.2,9.7,78.8,47.7
ISR,1,2012,74.8,5.2,78.9,58.6
ISR,1,2013,75.8,4.7,79.6,58.1
ISR,1,2014,77.4,4.6,81.2,58.9
ISR,1,2015,78.0,4.3,81.4,58.5
ISR,1,2016,78.6,4.0,81.9,59.2
ISR,1,2017,78.9,3.7,81.9,58.8
ISR,1,2018,78.8,3.5,81.6,58.5
ISR,1,2019,79.1,3.4,81.9,58.3
ISR,1,2020,78.3,4.2,81.7,57.9
ISR,1,2021,77.9,4.6,81.6,57.5
SVN,1,2000,64.0,9.0,70.4,
SVN,1,2001,67.9,8.2,73.9,
SVN,1,2002,66.3,7.8,71.9,
SVN,1,2003,64.0,8.1,69.6,
SVN,1,2004,64.8,7.7,70.2,
SVN,1,2005,67.2,6.9,72.2,
SVN,1,2006,66.8,7.2,72.0,
SVN,1,2007,67.9,5.7,72.0,
SVN,1,2008,68.4,5.3,72.2,
SVN,1,2009,66.1,7.4,71.3,
SVN,1,2010,65.3,9.6,72.2,
SVN,1,2011,61.9,11.5,69.9,
SVN,1,2012,63.9,10.9,71.7,
SVN,1,2013,60.5,15.3,71.5,
SVN,1,2014,58.2,13.0,66.9,
SVN,1,2015,61.3,11.9,69.6,
SVN,1,2016,62.4,11.1,70.3,
SVN,1,2017,66.3,8.4,72.4,
SVN,1,2018,67.0,6.5,71.7,
SVN,1,2019,68.0,5.9,72.3,
SVN,1,2020,68.6,6.9,73.8,
SVN,1,2021,67.6,6.7,72.5,
AUS,0,2000,71.2,6.3,76.0,
AUS,0,2001,71.2,6.7,76.2,
AUS,0,2002,71.4,6.3,76.3,
AUS,0,2003,72.3,5.9,76.8,
AUS,0,2004,72.4,5.5,76.6,
AUS,0,2005,73.5,5.0,77.4,
AUS,0,2006,74.1,4.8,77.9,
AUS,0,2007,74.8,4.3,78.2,
AUS,0,2008,75.0,4.2,78.3,
AUS,0,2009,73.9,5.4,78.1,
AUS,0,2010,73.9,5.2,78.0,70.3
AUS,0,2011,73.9,5.2,77.9,68.2
AUS,0,2012,73.6,5.3,77.8,68.4
AUS,0,2013,73.3,5.7,77.7,67.4
AUS,0,2014,72.7,6.3,77.6,67.4
AUS,0,2015,73.5,6.2,78.3,67.6
AUS,0,2016,73.7,5.8,78.3,66.8
AUS,0,2017,74.3,5.7,78.8,67.5
AUS,0,2018,74.9,5.4,79.2,68.0
AUS,0,2019,75.7,5.2,79.9,68.5
AUS,0,2020,73.7,6.4,78.8,66.0
AUS,0,2021,75.7,5.2,79.8,
AUT,0,2000,68.0,4.3,71.1,58.2
AUT,0,2001,68.0,3.5,70.5,57.7
AUT,0,2002,68.4,4.3,71.5,58.4
AUT,0,2003,68.3,4.2,71.3,58.3
AUT,0,2004,67.4,4.3,70.4,57.7
AUT,0,2005,69.9,4.2,72.9,58.1
AUT,0,2006,71.6,3.8,74.4,58.6
AUT,0,2007,72.7,3.5,75.4,59.4
AUT,0,2008,73.6,3.2,76.0,60.0
AUT,0,2009,73.1,3.9,76.1,60.2
AUT,0,2010,72.9,3.7,75.7,59.9
AUT,0,2011,73.3,3.4,75.9,59.9
AUT,0,2012,72.7,4.1,75.8,60.3
AUT,0,2013,72.8,4.5,76.2,60.4
AUT,0,2014,72.6,4.7,76.1,60.1
AUT,0,2015,72.8,4.6,76.3,60.0
AUT,0,2016,73.4,4.7,77.1,60.4
AUT,0,2017,74.0,4.2,77.3,60.2
AUT,0,2018,74.5,3.7,77.3,60.2
AUT,0,2019,74.9,3.5,77.6,60.2
AUT,0,2020,73.4,4.3,77.0,59.7
AUT,0,2021,73.9,4.7,77.6,59.7
BEL,0,2000,62.4,5.6,66.0,
BEL,0,2001,61.4,5.2,64.7,
BEL,0,2002,61.2,5.7,64.9,
BEL,0,2003,61.1,6.4,65.3,
BEL,0,2004,62.0,6.4,66.2,
BEL,0,2005,62.7,7.4,67.7,
BEL,0,2006,62.7,7.0,67.4,
BEL,0,2007,63.5,6.4,67.9,
BEL,0,2008,63.8,5.9,67.7,
BEL,0,2009,63.2,6.6,67.7,
BEL,0,2010,63.6,6.9,68.3,
BEL,0,2011,63.7,5.8,67.6,
BEL,0,2012,63.8,5.9,67.8,
BEL,0,2013,63.6,6.8,68.3,
BEL,0,2014,63.8,6.9,68.5,
BEL,0,2015,63.6,6.8,68.3,
BEL,0,2016,64.1,6.3,68.4,
BEL,0,2017,64.7,5.7,68.7,
BEL,0,2018,66.0,4.7,69.3,
BEL,0,2019,66.9,4.3,69.9,
BEL,0,2020,66.1,4.6,69.3,
BEL,0,2021,66.8,5.2,70.4,
CAN,0,2008,74.3,6.0,79.0,
CAN,0,2009,72.2,8.0,78.4,
CAN,0,2010,72.2,7.7,78.2,
CAN,0,2011,72.7,7.2,78.3,
CAN,0,2012,72.6,7.1,78.1,
CAN,0,2013,73.0,6.9,78.4,
CAN,0,2014,72.9,6.8,78.2,
CAN,0,2015,73.0,6.9,78.4,
CAN,0,2016,72.8,6.9,78.3,
CAN,0,2017,73.7,6.3,78.6,
CAN,0,2018,74.4,5.7,78.9,
CAN,0,2019,74.9,5.5,79.3,
CAN,0,2020,70.6,9.2,77.7,
CAN,0,2021,73.4,7.0,78.9,
CZE,0,2001,65.0,7.0,70.0,
CZE,0,2002,65.6,7.0,70.5,
CZE,0,2003,65.0,7.5,70.3,
CZE,0,2004,64.3,8.2,70.0,
CZE,0,2005,64.9,7.9,70.4,
CZE,0,2006,65.4,7.1,70.4,
CZE,0,2007,66.1,5.3,69.8,
CZE,0,2008,66.6,4.4,69.6,
CZE,0,2009,65.4,6.7,70.0,
CZE,0,2010,64.9,7.4,70.1,
CZE,0,2011,65.9,6.8,70.6,
CZE,0,2012,66.5,7.0,71.5,
CZE,0,2013,67.7,7.0,72.8,
CZE,0,2014,68.9,6.2,73.4,
CZE,0,2015,70.2,5.1,73.9,
CZE,0,2016,71.6,4.1,74.7,
CZE,0,2017,73.5,2.9,75.7,
CZE,0,2018,74.6,2.3,76.4,
CZE,0,2019,75.0,2.0,76.5,
CZE,0,2020,74.2,2.5,76.2,
CZE,0,2021,74.1,2.9,76.3,
DNK,0,2000,77.5,4.3,80.9,
DNK,0,2001,76.7,4.0,79.9,
DNK,0,2002,77.5,4.0,80.7,
DNK,0,2003,76.5,4.9,80.4,
DNK,0,2004,77.4,4.8,81.3,
DNK,0,2005,76.9,4.6,80.6,
DNK,0,2006,78.4,3.7,81.4,
DNK,0,2007,78.8,3.4,81.6,
DNK,0,2008,79.2,3.0,81.7,
DNK,0,2009,76.2,5.7,80.8,
DNK,0,2010,74.6,6.9,80.1,
DNK,0,2011,74.7,6.9,80.2,
DNK,0,2012,74.2,6.8,79.6,
DNK,0,2013,73.9,6.5,79.0,
DNK,0,2014,74.2,6.0,78.9,
DNK,0,2015,75.1,5.4,79.4,
DNK,0,2016,76.3,5.5,80.7,
DNK,0,2017,75.8,5.1,79.9,
DNK,0,2018,77.0,4.3,80.5,
DNK,0,2019,76.3,4.7,80.1,
DNK,0,2020,75.5,5.3,79.8,
DNK,0,2021,76.3,4.7,80.1,
FIN,0,2000,68.3,11.1,76.8,
FIN,0,2001,69.4,10.0,77.2,
FIN,0,2002,69.3,10.3,77.2,
FIN,0,2003,69.0,10.3,76.9,
FIN,0,2004,68.7,10.1,76.4,
FIN,0,2005,69.6,9.3,76.8,
FIN,0,2006,70.2,8.7,77.0,
FIN,0,2007,70.5,6.7,75.5,
FIN,0,2008,71.2,6.1,75.8,
FIN,0,2009,68.7,8.1,74.7,
FIN,0,2010,68.1,8.3,74.2,
FIN,0,2011,69.4,7.6,75.1,
FIN,0,2012,69.6,7.5,75.3,
FIN,0,2013,69.2,8.0,75.2,
FIN,0,2014,69.2,8.3,75.5,
FIN,0,2015,69.2,9.1,76.1,
FIN,0,2016,70.0,8.7,76.7,
FIN,0,2017,70.6,8.4,77.1,
FIN,0,2018,72.8,7.1,78.3,
FIN,0,2019,73.6,6.5,78.7,
FIN,0,2020,71.8,7.2,77.6,
FIN,0,2021,73.4,7.1,79.1,
FRA,0,2000,62.7,9.4,69.2,
FRA,0,2001,63.7,7.9,69.2,
FRA,0,2002,64.0,8.0,69.6,
FRA,0,2003,64.7,7.8,70.2,
FRA,0,2004,64.0,8.6,70.0,
FRA,0,2005,64.5,8.2,70.3,
FRA,0,2006,64.4,8.4,70.3,
FRA,0,2007,65.2,7.4,70.4,
FRA,0,2008,65.6,7.0,70.5,
FRA,0,2009,64.7,8.8,70.9,
FRA,0,2010,64.9,8.6,70.9,
FRA,0,2011,64.8,8.6,70.8,
FRA,0,2012,65.0,8.7,71.2,
FRA,0,2013,65.1,9.1,71.6,
FRA,0,2014,64.9,9.5,71.7,
FRA,0,2015,65.1,9.5,71.9,
FRA,0,2016,65.6,9.2,72.2,
FRA,0,2017,66.0,8.6,72.3,
FRA,0,2018,66.5,8.3,72.5,
FRA,0,2019,66.6,7.8,72.3,
FRA,0,2020,67.1,7.4,72.6,
FRA,0,2021,68.2,7.3,73.6,
DEU,0,2000,66.7,7.4,72.1,
DEU,0,2001,67.0,7.4,72.3,
DEU,0,2002,66.6,8.0,72.4,
DEU,0,2003,66.3,9.0,72.8,
DEU,0,2004,65.6,9.9,72.8,
DEU,0,2005,67.1,10.0,74.6,
DEU,0,2006,68.8,9.3,75.8,
DEU,0,2007,70.5,7.8,76.4,
DEU,0,2008,71.6,6.6,76.6,
DEU,0,2009,71.7,7.0,77.1,
DEU,0,2010,71.9,6.6,77.0,
DEU,0,2011,73.0,5.6,77.3,
DEU,0,2012,74.0,4.9,77.8,
DEU,0,2013,74.5,4.8,78.3,
DEU,0,2014,74.9,4.5,78.5,
DEU,0,2015,75.2,4.1,78.4,
DEU,0,2016,76.2,3.6,79.1,
DEU,0,2017,77.0,3.3,79.6,
DEU,0,2018,77.5,2.9,79.9,
DEU,0,2019,78.2,2.6,80.3,
DEU,0,2020,76.3,2.8,78.6,
DEU,0,2021,77.8,3.0,80.2,
GRC,0,2000,56.4,11.3,63.5,
GRC,0,2001,56.2,10.4,62.7,
GRC,0,2002,57.2,9.9,63.5,
GRC,0,2003,58.4,9.4,64.5,
GRC,0,2004,59.3,10.3,66.0,
GRC,0,2005,59.6,10.0,66.2,
GRC,0,2006,60.5,9.0,66.5,
GRC,0,2007,60.9,8.4,66.5,
GRC,0,2008,61.3,7.8,66.5,
GRC,0,2009,60.7,9.3,66.9,
GRC,0,2010,59.0,12.3,67.3,
GRC,0,2011,55.2,17.4,66.8,
GRC,0,2012,50.9,23.6,66.7,
GRC,0,2013,48.9,26.5,66.5,
GRC,0,2014,49.3,25.8,66.5,
GRC,0,2015,50.6,24.4,66.9,
GRC,0,2016,51.9,23.0,67.3,
GRC,0,2017,53.6,20.8,67.6,
GRC,0,2018,55.1,18.6,67.7,
GRC,0,2019,56.8,16.3,67.9,
GRC,0,2020,53.9,16.5,64.8,
GRC,0,2021,57.4,16.5,66.9,
HUN,0,2000,55.9,6.6,59.9,
HUN,0,2001,56.1,5.7,59.5,
HUN,0,2002,56.2,5.6,59.5,
HUN,0,2003,57.0,5.9,60.5,
HUN,0,2004,56.5,5.9,60.1,
HUN,0,2005,56.8,7.3,61.3,
HUN,0,2006,57.3,7.5,61.9,
HUN,0,2007,57.2,7.5,61.8,
HUN,0,2008,56.5,7.9,61.3,
HUN,0,2009,55.2,10.1,61.4,
HUN,0,2010,55.2,11.3,62.3,
HUN,0,2011,55.7,11.0,62.6,
HUN,0,2012,56.4,11.1,63.5,
HUN,0,2013,57.9,10.2,64.5,
HUN,0,2014,61.6,7.8,66.8,
HUN,0,2015,63.8,6.8,68.5,
HUN,0,2016,66.4,5.1,70.0,
HUN,0,2017,68.1,4.2,71.1,
HUN,0,2018,69.2,3.7,71.9,
HUN,0,2019,69.9,3.5,72.4,
HUN,0,2020,71.7,4.0,74.9,
HUN,0,2021,72.8,4.1,76.0,
ISL,0,2000,87.2,1.9,88.8,
ISL,0,2001,86.8,2.0,88.5,
ISL,0,2002,84.8,3.0,87.4,
ISL,0,2003,84.2,4.1,87.8,
ISL,0,2004,83.4,3.9,86.8,
ISL,0,2005,83.8,2.6,86.0,
ISL,0,2006,84.5,2.9,87.1,
ISL,0,2007,85.0,2.2,86.9,
ISL,0,2008,83.7,2.8,86.2,
ISL,0,2009,78.3,7.0,84.3,
ISL,0,2010,78.4,7.2,84.5,
ISL,0,2011,78.7,6.7,84.4,
ISL,0,2012,79.8,5.7,84.6,
ISL,0,2013,81.2,5.1,85.6,
ISL,0,2014,83.1,4.8,87.2,
ISL,0,2015,85.2,3.9,88.6,
ISL,0,2016,86.6,3.0,89.3,
ISL,0,2017,85.9,2.8,88.4,
ISL,0,2018,85.4,2.5,87.6,
ISL,0,2019,84.3,3.5,87.4,
ISL,0,2020,81.0,4.6,85.1,
ISL,0,2021,80.5,5.2,84.9,
IRL,0,2000,64.5,4.3,67.4,
IRL,0,2001,65.0,3.6,67.5,
IRL,0,2002,65.1,4.2,67.9,
IRL,0,2003,65.3,4.3,68.2,
IRL,0,2004,65.7,4.4,68.7,
IRL,0,2005,66.9,4.1,69.8,
IRL,0,2006,67.6,4.1,70.5,
IRL,0,2007,68.1,4.3,71.1,
IRL,0,2008,67.3,5.0,70.8,
IRL,0,2009,61.9,11.4,69.8,
IRL,0,2010,59.7,13.4,69.0,
IRL,0,2011,58.8,14.3,68.7,
IRL,0,2012,58.9,14.4,68.7,
IRL,0,2013,60.5,12.7,69.3,
IRL,0,2014,61.9,11.0,69.5,
IRL,0,2015,63.4,9.1,69.8,
IRL,0,2016,64.8,7.7,70.2,
IRL,0,2017,67.2,6.5,71.9,
IRL,0,2018,68.0,5.4,71.9,
IRL,0,2019,68.9,4.8,72.4,
IRL,0,2020,66.2,5.3,70.1,
IRL,0,2021,69.2,5.9,73.6,
ITA,0,2000,53.3,10.9,59.8,
ITA,0,2001,54.4,9.7,60.2,
ITA,0,2002,55.2,9.3,60.9,
ITA,0,2003,56.0,9.0,61.5,
ITA,0,2004,57.4,7.9,62.3,
ITA,0,2005,57.2,7.6,61.9,
ITA,0,2006,57.9,6.7,62.0,
ITA,0,2007,58.0,6.0,61.7,
ITA,0,2008,58.1,6.6,62.2,
ITA,0,2009,56.9,7.5,61.5,
ITA,0,2010,56.3,8.1,61.2,
ITA,0,2011,56.3,8.0,61.3,
ITA,0,2012,56.2,10.4,62.7,
ITA,0,2013,55.2,11.7,62.5,
ITA,0,2014,55.3,12.3,63.1,
ITA,0,2015,55.9,11.5,63.2,
ITA,0,2016,56.9,11.4,64.2,
ITA,0,2017,57.6,11.0,64.7,
ITA,0,2018,58.1,10.3,64.8,
ITA,0,2019,58.7,9.6,64.9,
ITA,0,2020,57.4,8.8,63.0,
ITA,0,2021,58.1,9.1,63.9,
LUX,0,2000,60.4,2.0,61.6,
LUX,0,2001,59.0,1.3,59.8,
LUX,0,2002,60.2,2.1,61.5,
LUX,0,2003,58.5,2.9,60.2,
LUX,0,2004,59.2,3.3,61.2,
LUX,0,2005,59.8,3.6,62.1,
LUX,0,2006,59.9,3.3,62.0,
LUX,0,2007,59.2,3.6,61.4,
LUX,0,2008,59.4,3.7,61.7,
LUX,0,2009,61.9,3.3,64.0,
LUX,0,2010,60.7,2.9,62.5,
LUX,0,2011,59.5,3.5,61.7,
LUX,0,2012,60.7,3.8,63.1,
LUX,0,2013,60.3,4.1,62.9,
LUX,0,2014,61.5,4.4,64.3,
LUX,0,2015,62.6,4.4,65.5,
LUX,0,2016,61.8,3.9,64.3,
LUX,0,2017,61.2,4.3,63.9,
LUX,0,2018,61.8,4.5,64.7,
LUX,0,2019,62.9,4.1,65.5,
LUX,0,2020,62.5,4.9,65.7,
LUX,0,2021,64.8,4.2,67.6,
MEX,0,2005,60.0,3.7,62.4,
MEX,0,2006,61.0,3.7,63.3,
MEX,0,2007,61.1,3.8,63.5,
MEX,0,2008,60.7,4.1,63.4,
MEX,0,2009,59.9,5.6,63.5,
MEX,0,2010,59.8,5.6,63.3,
MEX,0,2011,60.1,5.4,63.5,
MEX,0,2012,60.9,5.1,64.2,
MEX,0,2013,60.9,5.1,64.1,
MEX,0,2014,60.4,5.0,63.6,
MEX,0,2015,60.8,4.5,63.7,
MEX,0,2016,61.1,4.0,63.6,
MEX,0,2017,61.2,3.6,63.4,
MEX,0,2018,61.6,3.4,63.8,
MEX,0,2019,62.3,3.6,64.6,
MEX,0,2020,57.6,4.6,60.4,
MEX,0,2021,61.1,4.3,63.8,
NLD,0,2000,74.9,2.3,76.7,
NLD,0,2001,75.7,1.8,77.1,
NLD,0,2002,76.3,2.2,78.0,
NLD,0,2003,75.7,2.9,78.0,
NLD,0,2004,75.1,3.9,78.2,
NLD,0,2005,75.2,4.0,78.3,
NLD,0,2006,75.8,3.7,78.7,
NLD,0,2007,77.0,3.1,79.5,
NLD,0,2008,78.3,2.5,80.3,
NLD,0,2009,78.0,3.3,80.7,
NLD,0,2010,76.3,4.0,79.5,
NLD,0,2011,76.5,3.7,79.5,
NLD,0,2012,76.1,5.1,80.2,
NLD,0,2013,75.5,6.5,80.7,
NLD,0,2014,75.0,6.7,80.4,
NLD,0,2015,76.1,6.2,81.2,
NLD,0,2016,76.9,5.4,81.3,
NLD,0,2017,78.0,4.3,81.5,
NLD,0,2018,79.2,3.4,82.0,
NLD,0,2019,80.2,3.0,82.7,
NLD,0,2020,81.3,4.4,85.3,
NLD,0,2021,82.7,4.1,85.8,
NZL,0,2001,73.1,5.4,77.3,
NZL,0,2002,74.2,5.2,78.2,
NZL,0,2003,74.2,4.7,77.9,
NZL,0,2004,75.2,3.8,78.2,
NZL,0,2005,76.2,3.7,79.2,
NZL,0,2006,76.5,3.8,79.5,
NZL,0,2007,76.8,3.6,79.6,
NZL,0,2008,76.2,4.1,79.5,
NZL,0,2009,74.3,6.1,79.1,
NZL,0,2010,73.7,6.5,78.9,
NZL,0,2011,73.4,6.7,78.7,
NZL,0,2012,72.5,7.1,78.1,
NZL,0,2013,73.4,6.6,78.6,
NZL,0,2014,75.2,5.9,79.9,
NZL,0,2015,74.6,6.0,79.4,
NZL,0,2016,75.8,5.5,80.2,
NZL,0,2018,77.6,4.6,81.4,
NZL,0,2019,77.3,4.6,81.0,
NZL,0,2020,76.2,5.0,80.1,
NZL,0,2021,77.2,4.3,80.6,
NOR,0,2000,78.5,3.3,81.2,
NOR,0,2001,78.0,3.5,80.9,
NOR,0,2002,78.0,3.8,81.0,
NOR,0,2003,76.2,3.9,79.4,
NOR,0,2004,76.0,4.0,79.2,
NOR,0,2005,75.9,3.9,79.0,
NOR,0,2006,76.2,3.0,78.6,
NOR,0,2007,77.2,2.3,79.0,
NOR,0,2008,78.2,2.3,80.1,
NOR,0,2009,77.1,2.6,79.1,
NOR,0,2010,76.1,3.1,78.5,
NOR,0,2011,75.9,2.6,77.9,
NOR,0,2012,76.5,2.7,78.6,
NOR,0,2013,76.3,2.8,78.5,
NOR,0,2014,76.1,2.9,78.4,
NOR,0,2015,75.9,3.4,78.6,
NOR,0,2016,75.2,3.9,78.3,
NOR,0,2017,75.1,3.3,77.7,
NOR,0,2018,76.5,2.9,78.7,
NOR,0,2019,76.8,2.9,79.1,
NOR,0,2020,76.5,3.3,79.2,
NOR,0,2021,78.0,4.1,80.7,
POL,0,2001,52.0,19.0,64.0,
POL,0,2002,52.0,19.0,64.0,
POL,0,2003,52.0,19.0,64.0,
POL,0,2004,51.5,19.4,63.9,
POL,0,2005,52.9,18.0,64.6,
POL,0,2006,54.6,14.1,63.5,
POL,0,2007,57.1,9.7,63.3,
POL,0,2008,59.3,7.2,63.9,
POL,0,2009,59.4,8.3,64.7,
POL,0,2010,59.0,9.7,65.3,
POL,0,2011,59.3,9.8,65.7,
POL,0,2012,59.7,10.2,66.5,
POL,0,2013,60.0,10.4,67.0,
POL,0,2014,61.7,9.1,67.8,
POL,0,2015,62.9,7.6,68.1,
POL,0,2016,64.5,6.2,68.8,
POL,0,2017,66.1,4.9,69.5,
POL,0,2018,67.3,3.9,70.1,
POL,0,2019,68.2,3.3,70.5,
POL,0,2020,67.7,3.2,70.0,
POL,0,2021,70.2,4.1,72.7,
PRT,0,2000,68.1,3.9,70.8,60.3
PRT,0,2001,68.8,3.9,71.6,60.9
PRT,0,2002,68.8,4.7,72.2,61.3
PRT,0,2003,67.9,6.3,72.4,61.2
PRT,0,2004,67.8,6.5,72.5,60.8
PRT,0,2005,67.1,8.0,72.9,61.0
PRT,0,2006,67.6,8.0,73.4,61.2
PRT,0,2007,67.3,8.4,73.5,61.3
PRT,0,2008,67.7,7.9,73.5,60.9
PRT,0,2009,66.0,9.7,73.1,60.2
PRT,0,2010,65.2,11.0,73.3,60.0
PRT,0,2011,63.8,13.0,73.3,59.1
PRT,0,2012,60.9,16.0,72.5,58.8
PRT,0,2013,60.4,16.5,72.3,58.0
PRT,0,2014,62.2,14.2,72.5,57.5
PRT,0,2015,63.5,12.7,72.8,57.3
PRT,0,2016,64.7,11.3,73.0,57.1
PRT,0,2017,67.2,9.1,73.9,57.5
PRT,0,2018,69.1,7.1,74.4,57.7
PRT,0,2019,69.8,6.5,74.6,57.6
PRT,0,2020,67.9,6.7,73.0,56.5
PRT,0,2021,69.5,7.1,74.4,56.4
SVK,0,2001,58.0,17.0,70.0,
SVK,0,2002,58.0,17.0,70.0,
SVK,0,2003,57.9,17.1,69.8,
SVK,0,2004,56.8,18.6,69.7,
SVK,0,2005,57.8,16.2,69.0,
SVK,0,2006,59.5,13.4,68.7,
SVK,0,2007,60.7,11.2,68.3,
SVK,0,2008,62.2,9.6,68.8,
SVK,0,2009,60.2,12.1,68.4,
SVK,0,2010,58.8,14.4,68.7,
SVK,0,2011,59.3,13.7,68.7,
SVK,0,2012,59.7,14.0,69.4,
SVK,0,2013,59.8,14.3,69.8,
SVK,0,2014,60.9,13.3,70.3,
SVK,0,2015,62.8,11.5,70.9,
SVK,0,2016,64.9,9.7,71.9,
SVK,0,2017,66.2,8.2,72.1,
SVK,0,2018,67.5,6.6,72.3,
SVK,0,2019,68.3,5.9,72.6,
SVK,0,2020,69.5,6.7,74.5,
SVK,0,2021,69.4,7.1,74.5,
ESP,0,2000,55.9,13.8,64.9,
ESP,0,2001,57.3,10.3,63.9,
ESP,0,2002,58.1,11.1,65.3,
ESP,0,2003,59.2,11.0,66.5,
ESP,0,2004,60.2,10.8,67.5,
ESP,0,2005,62.5,8.9,68.6,
ESP,0,2006,63.9,8.1,69.6,
ESP,0,2007,64.4,7.9,70.0,
ESP,0,2008,63.8,10.3,71.1,
ESP,0,2009,60.0,16.0,71.5,
ESP,0,2010,59.2,17.8,72.0,
ESP,0,2011,58.1,19.8,72.4,
ESP,0,2012,56.5,22.9,73.2,
ESP,0,2013,55.6,24.3,73.4,
ESP,0,2014,56.6,22.8,73.4,
ESP,0,2015,58.3,20.7,73.5,
ESP,0,2016,59.9,18.5,73.5,
ESP,0,2017,61.4,16.1,73.1,
ESP,0,2018,62.6,14.2,72.9,
ESP,0,2019,63.4,13.1,73.0,
ESP,0,2020,61.8,13.6,71.6,
ESP,0,2021,63.3,13.2,73.0,
SWE,0,2000,74.6,4.7,78.3,
SWE,0,2001,76.2,4.1,79.4,
SWE,0,2002,76.0,4.3,79.4,
SWE,0,2003,75.5,4.8,79.3,
SWE,0,2004,74.3,5.7,78.9,
SWE,0,2005,74.4,6.9,80.0,
SWE,0,2006,75.1,6.2,80.1,
SWE,0,2007,76.2,5.3,80.5,
SWE,0,2008,76.3,5.3,80.6,
SWE,0,2009,74.2,7.2,80.0,
SWE,0,2010,74.4,7.3,80.3,
SWE,0,2011,76.0,6.3,81.1,
SWE,0,2012,76.2,6.5,81.5,
SWE,0,2013,77.2,6.5,82.5,
SWE,0,2014,77.7,6.2,82.9,
SWE,0,2015,78.5,5.5,83.1,
SWE,0,2016,79.3,4.9,83.4,
SWE,0,2017,79.9,4.5,83.7,
SWE,0,2018,80.8,3.9,84.1,
SWE,0,2019,80.7,4.5,84.5,
SWE,0,2020,78.8,5.2,83.5,
SWE,0,2021,79.0,6.8,83.6,
CHE,0,2001,80.3,1.9,81.8,
CHE,0,2002,80.7,4.1,84.1,
CHE,0,2003,79.8,2.9,82.2,
CHE,0,2004,79.2,3.1,81.7,
CHE,0,2005,79.2,3.1,81.7,
CHE,0,2006,79.8,2.8,82.1,
CHE,0,2007,80.3,2.6,82.5,
CHE,0,2008,81.0,2.4,83.0,
CHE,0,2009,80.3,3.2,82.9,
CHE,0,2010,80.3,3.4,83.1,
CHE,0,2011,80.9,3.1,83.4,
CHE,0,2012,80.9,3.1,83.5,
CHE,0,2013,81.2,3.1,83.8,
CHE,0,2014,81.5,3.3,84.3,
CHE,0,2015,82.0,3.2,84.7,
CHE,0,2016,82.9,3.2,85.6,
CHE,0,2017,81.8,3.5,84.8,
CHE,0,2018,81.9,3.4,84.7,
CHE,0,2019,82.2,3.2,84.9,
CHE,0,2020,81.4,3.6,84.6,
CHE,0,2021,81.5,3.8,84.7,
TUR,0,2008,44.8,9.9,49.7,
TUR,0,2009,44.1,12.8,50.6,48.0
TUR,0,2010,46.2,10.8,51.8,48.9
TUR,0,2011,48.4,8.9,53.1,50.0
TUR,0,2012,48.9,8.3,53.4,49.5
TUR,0,2013,49.6,8.9,54.4,50.4
TUR,0,2014,49.6,10.0,55.1,50.6
TUR,0,2015,50.3,10.4,56.1,51.4
TUR,0,2016,50.8,11.0,57.1,52.2
TUR,0,2017,51.7,11.0,58.1,53.0
TUR,0,2018,52.1,11.1,58.6,53.3
TUR,0,2019,50.5,13.9,58.6,53.1
TUR,0,2020,47.7,13.1,55.1,49.5
GBR,0,2000,71.7,5.4,75.7,
GBR,0,2001,72.0,4.5,75.4,
GBR,0,2002,71.8,4.9,75.5,
GBR,0,2003,72.1,4.6,75.6,
GBR,0,2004,72.2,4.4,75.5,
GBR,0,2005,72.2,4.3,75.5,
GBR,0,2006,71.9,5.2,75.8,
GBR,0,2007,71.6,5.0,75.4,
GBR,0,2008,71.8,5.6,76.0,
GBR,0,2009,70.0,7.6,75.8,
GBR,0,2010,69.6,8.0,75.6,
GBR,0,2011,69.7,8.0,75.7,
GBR,0,2012,70.6,7.8,76.6,
GBR,0,2013,71.1,7.5,76.9,
GBR,0,2014,72.4,6.1,77.1,
GBR,0,2015,73.2,5.2,77.3,
GBR,0,2016,73.9,4.8,77.6,
GBR,0,2017,74.5,4.3,77.9,
GBR,0,2018,74.9,4.0,78.0,
GBR,0,2019,75.3,3.7,78.2,
GBR,0,2021,75.4,3.3,78.7,
USA,0,2000,73.2,4.1,76.3,
USA,0,2001,72.1,4.9,75.8,
USA,0,2002,71.0,5.9,75.4,
USA,0,2003,70.1,6.1,74.7,
USA,0,2004,70.0,5.7,74.2,
USA,0,2005,70.2,5.3,74.2,
USA,0,2006,70.5,4.9,74.2,
USA,0,2007,70.3,4.9,73.9,
USA,0,2008,69.4,6.0,73.8,
USA,0,2009,66.1,9.4,73.0,
USA,0,2010,65.2,9.9,72.3,
USA,0,2011,65.1,9.2,71.7,
USA,0,2012,65.6,8.3,71.5,
USA,0,2013,65.7,7.7,71.2,
USA,0,2014,66.5,6.5,71.1,
USA,0,2015,67.2,5.6,71.1,
USA,0,2016,67.9,5.2,71.5,
USA,0,2017,68.5,4.6,71.8,
USA,0,2018,69.2,4.1,72.2,
USA,0,2019,69.8,3.9,72.7,
USA,0,2020,65.8,7.9,71.4,
USA,0,2021,67.8,5.5,71.7,
CHL,0,2006,56.8,7.7,61.5,
CHL,0,2009,54.2,10.8,60.8,
CHL,0,2011,56.8,8.1,61.7,
CHL,0,2013,58.1,7.5,62.8,
CHL,0,2015,59.3,7.9,64.4,
CHL,0,2017,60.2,8.3,65.7,
CHL,0,2020,61.6,13.0,61.6,
EST,0,2000,59.4,13.7,68.8,
EST,0,2001,60.2,12.3,68.7,
EST,0,2002,61.3,8.9,67.2,
EST,0,2003,61.9,10.5,69.1,
EST,0,2004,62.0,10.0,68.9,59.7
EST,0,2005,63.4,7.6,68.6,59.4
EST,0,2006,67.2,5.7,71.3,62.1
EST,0,2007,68.4,4.6,71.7,62.4
EST,0,2008,68.9,5.6,73.0,63.1
EST,0,2009,62.8,14.0,72.9,62.6
EST,0,2010,61.2,16.4,73.2,62.4
EST,0,2011,65.3,12.1,74.3,63.4
EST,0,2012,67.1,9.9,74.5,63.5
EST,0,2013,68.5,8.6,74.9,63.4
EST,0,2014,69.8,7.3,75.3,64.0
EST,0,2015,72.1,6.1,76.7,64.7
EST,0,2016,72.3,6.7,77.4,65.1
EST,0,2017,74.4,5.9,79.1,66.5
EST,0,2018,75.3,5.2,79.4,66.6
EST,0,2019,75.4,4.4,78.8,65.9
EST,0,2020,73.9,6.7,79.3,65.9
EST,0,2021,74.3,6.1,79.1,66.5
ISR,0,2012,64.1,7.4,69.2,68.2
ISR,0,2013,64.7,6.7,69.3,68.1
ISR,0,2014,65.3,6.3,69.7,68.5
ISR,0,2015,65.9,5.5,69.7,68.4
ISR,0,2016,65.9,5.2,69.5,68.2
ISR,0,2017,66.5,4.5,69.6,68.1
ISR,0,2018,66.6,4.3,69.6,68.0
ISR,0,2019,66.5,4.0,69.3,67.4
ISR,0,2020,64.1,4.5,67.2,65.3
ISR,0,2021,64.1,4.6,67.2,65.3
SVN,0,2000,62.5,6.8,67.1,
SVN,0,2001,63.2,5.6,67.0,
SVN,0,2002,64.1,5.9,68.2,
SVN,0,2003,62.4,6.5,66.7,
SVN,0,2004,65.7,6.0,69.9,
SVN,0,2005,65.9,6.6,70.5,
SVN,0,2006,66.6,6.0,70.8,
SVN,0,2007,67.8,4.9,71.2,
SVN,0,2008,68.6,4.4,71.7,
SVN,0,2009,67.7,5.9,71.9,
SVN,0,2010,66.3,7.2,71.4,
SVN,0,2011,64.7,8.0,70.3,
SVN,0,2012,64.1,8.8,70.3,
SVN,0,2013,63.5,9.7,70.4,
SVN,0,2014,64.5,9.6,71.4,
SVN,0,2015,65.7,8.8,72.0,
SVN,0,2016,66.2,7.7,71.8,
SVN,0,2017,69.6,6.5,74.4,
SVN,0,2018,71.7,5.1,75.5,
SVN,0,2019,72.3,4.3,75.6,
SVN,0,2020,70.2,4.7,73.8,
SVN,0,2021,71.9,5.4,75.3,
LVA,1,2017,66.6,8.0,72.4,
LVA,1,2018,69.0,7.7,74.8,
LVA,1,2019,70.5,7.0,75.8,
LVA,1,2020,70.8,8.8,78.4,
LVA,1,2021,67.1,8.0,72.9,
LVA,0,2017,70.5,9.0,77.5,
LVA,0,2018,72.1,7.6,78.0,
LVA,0,2019,72.5,6.5,77.5,
LVA,0,2020,71.6,8.0,78.0,
LVA,0,2021,70.1,7.9,76.1,
LTU,1,2018,71.1,7.4,76.8,
LTU,1,2019,71.9,5.6,76.2,
LTU,1,2020,70.6,8.1,77.4,
LTU,1,2021,68.2,10.0,75.7,
LTU,0,2018,72.5,6.3,77.3,
LTU,0,2019,73.0,6.5,78.1,
LTU,0,2020,71.7,8.5,78.6,
LTU,0,2021,72.6,7.3,78.3,
AFG,0,2014,,,,51.7
AFG,1,2014,,,,55.1
AGO,0,2009,,,,66.5
AGO,1,2009,,,,68.9
ALB,0,2012,,,,40.8
ALB,1,2012,,,,38.3
ALB,0,2008,,,,53.0
ALB,1,2008,,,,
ALB,0,2005,,,,54.7
ALB,1,2005,,,,13.8
ARG,0,2021,,,,60.5
ARG,1,2021,,,,58.6
ARG,0,2020,,,,56.2
ARG,1,2020,,,,53.8
ARG,0,2019,,,,60.4
ARG,1,2019,,,,58.6
ARG,0,2018,,,,59.7
ARG,1,2018,,,,58.2
ARG,0,2017,,,,58.9
ARG,1,2017,,,,57.7
ARG,0,2014,,,,59.6
ARG,1,2014,,,,57.5
ARG,0,2013,,,,60.2
ARG,1,2013,,,,56.4
ARG,0,2012,,,,60.6
ARG,1,2012,,,,56.2
ARG,0,2011,,,,60.9
ARG,1,2011,,,,56.7
ARG,0,2010,,,,60.5
ARG,1,2010,,,,55.0
ARG,0,2009,,,,61.1
ARG,1,2009,,,,55.5
ARG,0,2008,,,,60.7
ARG,1,2008,,,,56.3
ARG,0,2006,,,,62.0
ARG,1,2006,,,,58.9
ARG,0,2005,,,,61.8
ARG,1,2005,,,,57.0
ARG,0,2004,,,,62.3
ARG,1,2004,,,,56.3
ARM,0,2020,,,,67.0
ARM,1,2020,,,,58.2
ARM,0,2019,,,,71.3
ARM,1,2019,,,,65.1
ARM,0,2018,,,,69.5
ARM,1,2018,,,,61.8
ARM,0,2017,,,,61.5
ARM,1,2017,,,,52.6
ARM,0,2016,,,,61.5
ARM,1,2016,,,,50.7
ARM,0,2009,,,,52.8
ARM,1,2009,,,,48.9
ARM,0,2008,,,,52.8
ARM,1,2008,,,,48.6
AUT,0,1999,,,,58.7
AUT,1,1999,,,,60.6
AUT,0,1998,,,,58.5
AUT,1,1998,,,,60.9
AUT,0,1997,,,,57.9
AUT,1,1997,,,,63.3
AUT,0,1996,,,,58.4
AUT,1,1996,,,,61.8
AUT,0,1995,,,,59.1
AUT,1,1995,,,,62.5
BDI,0,2020,,,,78.8
BDI,1,2020,,,,57.8
BDI,0,2014,,,,79.2
BDI,1,2014,,,,56.1
BEL,0,2021,,,,54.1
BEL,1,2021,,,,56.1
BEL,0,2020,,,,53.8
BEL,1,2020,,,,53.9
BEL,0,2019,,,,54.3
BEL,1,2019,,,,54.6
BEL,0,2018,,,,54.0
BEL,1,2018,,,,55.0
BEL,0,2017,,,,53.7
BEL,1,2017,,,,54.3
BEL,0,2016,,,,53.1
BEL,1,2016,,,,53.2
BEL,0,2015,,,,53.2
BEL,1,2015,,,,54.1
BEL,0,2014,,,,53.4
BEL,1,2014,,,,54.2
BEL,0,2013,,,,53.5
BEL,1,2013,,,,53.7
BEL,0,2012,,,,53.3
BEL,1,2012,,,,53.0
BEL,0,2011,,,,53.3
BEL,1,2011,,,,52.5
BEL,0,2010,,,,54.1
BEL,1,2010,,,,53.9
BEL,0,2009,,,,53.6
BEL,1,2009,,,,52.4
BEL,0,2008,,,,53.7
BEL,1,2008,,,,53.4
BEL,0,2007,,,,53.8
BEL,1,2007,,,,51.6
BEL,0,2006,,,,53.4
BEL,1,2006,,,,51.4
BEL,0,2005,,,,53.7
BEL,1,2005,,,,50.5
BEL,0,2004,,,,52.5
BEL,1,2004,,,,48.5
BEL,0,2003,,,,51.8
BEL,1,2003,,,,48.3
BEL,0,2002,,,,51.7
BEL,1,2002,,,,47.6
BEL,0,2001,,,,51.4
BEL,1,2001,,,,46.7
BEL,0,2000,,,,52.7
BEL,1,2000,,,,49.3
BEL,0,1999,,,,52.1
BEL,1,1999,,,,50.4
BEL,0,1998,,,,51.2
BEL,1,1998,,,,47.6
BEL,0,1997,,,,50.9
BEL,1,1997,,,,47.3
BEL,0,1996,,,,50.7
BEL,1,1996,,,,47.4
BEL,0,1995,,,,51.0
BEL,1,1995,,,,46.6
BEN,0,2018,,,,62.7
BEN,1,2018,,,,62.1
BEN,0,2011,,,,71.9
BEN,1,2011,,,,70.2
BFA,0,2018,,,,44.4
BFA,1,2018,,,,58.2
BFA,0,2019,,,,45.8
BFA,1,2019,,,,58.0
BGD,0,2017,,,,58.4
BGD,1,2017,,,,40.4
BGR,0,2020,,,,55.6
BGR,1,2020,,,,48.4
BGR,0,2019,,,,56.6
BGR,1,2019,,,,56.3
BGR,0,2018,,,,55.3
BGR,1,2018,,,,59.6
BGR,0,2017,,,,55.3
BGR,1,2017,,,,60.4
BGR,0,2016,,,,53.3
BGR,1,2016,,,,54.0
BGR,0,2015,,,,54.1
BGR,1,2015,,,,49.3
BGR,0,2014,,,,54.1
BGR,1,2014,,,,53.5
BGR,0,2013,,,,53.9
BGR,1,2013,,,,57.1
BGR,0,2012,,,,53.1
BGR,1,2012,,,,55.4
BGR,0,2011,,,,52.5
BGR,1,2011,,,,44.7
BGR,0,2010,,,,53.4
BGR,1,2010,,,,44.3
BGR,0,2009,,,,53.0
BGR,1,2009,,,,48.1
BGR,0,2008,,,,53.8
BGR,1,2008,,,,48.8
BGR,0,2007,,,,52.6
BGR,1,2007,,,,51.9
BGR,0,2006,,,,51.3
BGR,1,2006,,,,51.0
BGR,0,2021,,,,52.8
BGR,1,2021,,,,49.3
BIH,0,2021,,,,50.8
BIH,1,2021,,,,53.5
BIH,0,2020,,,,47.6
BIH,1,2020,,,,48.5
BIH,0,2019,,,,41.7
BIH,1,2019,,,,49.3
BIH,0,2018,,,,41.8
BIH,1,2018,,,,47.8
BIH,0,2017,,,,42.2
BIH,1,2017,,,,45.5
BIH,0,2016,,,,43.0
BIH,1,2016,,,,46.0
BIH,0,2015,,,,43.8
BIH,1,2015,,,,46.9
BIH,0,2014,,,,43.3
BIH,1,2014,,,,47.8
BIH,0,2013,,,,43.2
BIH,1,2013,,,,46.2
BIH,0,2012,,,,43.8
BIH,1,2012,,,,43.0
BIH,0,2011,,,,43.6
BIH,1,2011,,,,45.6
BIH,0,2010,,,,44.2
BIH,1,2010,,,,43.4
BIH,0,2009,,,,43.1
BIH,1,2009,,,,45.5
BIH,0,2008,,,,43.4
BIH,1,2008,,,,41.6
BIH,0,2007,,,,43.3
BIH,1,2007,,,,46.8
BIH,0,2006,,,,42.7
BIH,1,2006,,,,42.9
BLZ,0,2017,,,,63.1
BLZ,1,2017,,,,68.8
BLZ,0,2016,,,,63.8
BLZ,1,2016,,,,66.7
BLZ,0,2015,,,,62.6
BLZ,1,2015,,,,67.9
BLZ,0,2014,,,,62.8
BLZ,1,2014,,,,66.1
BOL,0,1999,,,,71.6
BOL,1,1999,,,,50.3
BOL,0,2002,,,,71.9
BOL,1,2002,,,,63.7
BOL,0,2001,,,,74.3
BOL,1,2001,,,,61.8
BOL,0,2000,,,,70.2
BOL,1,2000,,,,56.9
BRA,0,2015,,,,64.4
BRA,1,2015,,,,56.5
BRA,0,2014,,,,66.0
BRA,1,2014,,,,57.0
BRA,0,2013,,,,65.0
BRA,1,2013,,,,50.7
BRA,0,2012,,,,65.5
BRA,1,2012,,,,52.9
BRA,0,2011,,,,65.7
BRA,1,2011,,,,49.3
BRA,0,2009,,,,68.3
BRA,1,2009,,,,50.2
BRA,0,2008,,,,68.1
BRA,1,2008,,,,50.3
BRA,0,2007,,,,68.3
BRA,1,2007,,,,47.8
BRA,0,2006,,,,68.7
BRA,1,2006,,,,50.4
BRA,0,2005,,,,69.0
BRA,1,2005,,,,52.7
BRA,0,2004,,,,68.4
BRA,1,2004,,,,46.1
BRA,0,2003,,,,67.8
BRA,1,2003,,,,52.5
BRA,0,2002,,,,68.0
BRA,1,2002,,,,51.8
BRA,0,2001,,,,67.1
BRA,1,2001,,,,52.6
BRA,0,1999,,,,66.5
BRA,1,1999,,,,45.8
BRA,0,1998,,,,65.9
BRA,1,1998,,,,49.0
BRA,0,1997,,,,65.8
BRA,1,1997,,,,46.2
BRA,0,1996,,,,64.8
BRA,1,1996,,,,45.5
BRA,0,1995,,,,66.6
BRA,1,1995,,,,46.9
BRB,0,2016,,,,60.6
BRB,1,2016,,,,58.2
BRN,0,2021,,,,59.1
BRN,1,2021,,,,78.6
BRN,0,2020,,,,61.0
BRN,1,2020,,,,79.2
BRN,0,2019,,,,58.6
BRN,1,2019,,,,78.4
BRN,0,2018,,,,60.7
BRN,1,2018,,,,80.1
BRN,0,2017,,,,59.0
BRN,1,2017,,,,73.7
BRN,0,2014,,,,62.0
BRN,1,2014,,,,78.1
CAN,0,2021,,,,64.7
CAN,1,2021,,,,66.0
CHE,0,2021,,,,66.0
CHE,1,2021,,,,70.3
CHE,0,2020,,,,66.4
CHE,1,2020,,,,70.9
CHE,0,2019,,,,66.8
CHE,1,2019,,,,71.3
CHE,0,2018,,,,66.9
CHE,1,2018,,,,71.9
CHE,0,2017,,,,67.3
CHE,1,2017,,,,71.1
CHE,0,2016,,,,67.5
CHE,1,2016,,,,71.0
CHE,0,2015,,,,67.0
CHE,1,2015,,,,70.8
CHE,0,2014,,,,66.8
CHE,1,2014,,,,70.6
CHE,0,2013,,,,66.5
CHE,1,2013,,,,70.1
CHE,0,2012,,,,66.6
CHE,1,2012,,,,69.9
CHE,0,2011,,,,66.6
CHE,1,2011,,,,69.5
CHE,0,2010,,,,66.5
CHE,1,2010,,,,68.3
CHE,0,2009,,,,67.5
CHE,1,2009,,,,70.2
CHE,0,2008,,,,67.7
CHE,1,2008,,,,69.5
CHE,0,2007,,,,67.3
CHE,1,2007,,,,68.5
CHE,0,2006,,,,66.9
CHE,1,2006,,,,68.6
CHE,0,2005,,,,66.5
CHE,1,2005,,,,68.3
CHE,0,2004,,,,66.7
CHE,1,2004,,,,69.0
CHE,0,2003,,,,67.3
CHE,1,2003,,,,69.6
CHE,0,2001,,,,67.1
CHE,1,2001,,,,70.2
CHL,0,2021,,,,55.1
CHL,1,2021,,,,77.7
CIV,0,2019,,,,63.5
CIV,1,2019,,,,72.9
CIV,0,2017,,,,54.6
CIV,1,2017,,,,68.5
COD,0,2020,,,,63.4
COD,1,2020,,,,61.6
COG,0,2009,,,,43.4
COG,1,2009,,,,61.3
COK,0,2016,,,,72.1
COK,1,2016,,,,77.1
COK,0,2019,,,,65.8
COK,1,2019,,,,82.5
COM,0,2014,,,,44.4
COM,1,2014,,,,53.5
CPV,0,2020,,,,52.4
CPV,1,2020,,,,69.8
CPV,0,2018,,,,57.0
CPV,1,2018,,,,74.5
CPV,0,2015,,,,63.2
CPV,1,2015,,,,71.4
CRI,0,2021,,,,60.9
CRI,1,2021,,,,69.9
CRI,0,2020,,,,59.5
CRI,1,2020,,,,71.0
CRI,0,2019,,,,63.3
CRI,1,2019,,,,72.9
CRI,0,2018,,,,61.4
CRI,1,2018,,,,69.3
CRI,0,2017,,,,59.0
CRI,1,2017,,,,68.3
CRI,0,2016,,,,58.5
CRI,1,2016,,,,70.5
CRI,0,2015,,,,62.1
CRI,1,2015,,,,70.4
CRI,0,2014,,,,63.4
CRI,1,2014,,,,71.0
CRI,0,2013,,,,62.9
CRI,1,2013,,,,70.9
CRI,0,2012,,,,63.3
CRI,1,2012,,,,73.9
CRI,0,2011,,,,59.6
CRI,1,2011,,,,69.9
CRI,0,2010,,,,58.3
CRI,1,2010,,,,67.0
CRI,0,2009,,,,60.4
CRI,1,2009,,,,100.0
CRI,0,2008,,,,60.9
CRI,1,2008,,,,
CRI,0,2007,,,,60.8
CRI,1,2007,,,,67.2
CRI,0,2006,,,,59.7
CRI,1,2006,,,,69.5
CRI,0,2005,,,,60.4
CRI,1,2005,,,,69.6
CRI,0,2004,,,,57.8
CRI,1,2004,,,,67.6
CRI,0,2003,,,,59.3
CRI,1,2003,,,,67.1
CYP,0,2021,,,,60.8
CYP,1,2021,,,,72.9
CYP,0,2020,,,,59.9
CYP,1,2020,,,,71.6
CYP,0,2019,,,,60.9
CYP,1,2019,,,,70.0
CYP,0,2018,,,,61.3
CYP,1,2018,,,,66.8
CYP,0,2017,,,,59.7
CYP,1,2017,,,,68.9
CYP,0,2016,,,,59.3
CYP,1,2016,,,,68.3
CYP,0,2015,,,,59.9
CYP,1,2015,,,,71.9
CYP,0,2014,,,,61.3
CYP,1,2014,,,,73.7
CYP,0,2013,,,,60.5
CYP,1,2013,,,,74.1
CYP,0,2012,,,,60.0
CYP,1,2012,,,,75.5
CYP,0,2011,,,,60.8
CYP,1,2011,,,,73.7
CYP,0,2010,,,,61.6
CYP,1,2010,,,,73.7
CYP,0,2009,,,,61.8
CYP,1,2009,,,,72.3
CYP,0,2008,,,,62.5
CYP,1,2008,,,,71.8
CYP,0,2007,,,,63.0
CYP,1,2007,,,,71.0
CYP,0,2006,,,,62.2
CYP,1,2006,,,,70.7
CYP,0,2005,,,,62.1
CYP,1,2005,,,,70.2
CYP,0,2004,,,,61.7
CYP,1,2004,,,,70.4
CYP,0,2003,,,,62.2
CYP,1,2003,,,,69.8
CYP,0,2002,,,,61.1
CYP,1,2002,,,,68.0
CYP,0,2001,,,,61.2
CYP,1,2001,,,,65.9
CYP,0,2000,,,,59.9
CYP,1,2000,,,,62.1
CYP,0,1999,,,,58.6
CYP,1,1999,,,,59.8
CZE,0,2021,,,,59.4
CZE,1,2021,,,,69.0
CZE,0,2020,,,,59.5
CZE,1,2020,,,,68.1
CZE,0,2019,,,,60.1
CZE,1,2019,,,,66.8
CZE,0,2018,,,,60.3
CZE,1,2018,,,,66.8
CZE,0,2017,,,,60.0
CZE,1,2017,,,,64.9
CZE,0,2016,,,,59.8
CZE,1,2016,,,,62.4
CZE,0,2015,,,,59.3
CZE,1,2015,,,,61.7
CZE,0,2014,,,,59.2
CZE,1,2014,,,,62.9
CZE,0,2013,,,,59.3
CZE,1,2013,,,,59.8
CZE,0,2012,,,,58.7
CZE,1,2012,,,,57.4
CZE,0,2011,,,,58.3
CZE,1,2011,,,,56.9
CZE,0,2010,,,,58.5
CZE,1,2010,,,,56.0
CZE,0,2009,,,,58.8
CZE,1,2009,,,,55.9
CZE,0,2008,,,,58.6
CZE,1,2008,,,,54.7
CZE,0,2007,,,,58.8
CZE,1,2007,,,,57.1
CZE,0,2006,,,,59.4
CZE,1,2006,,,,51.8
CZE,0,2005,,,,59.5
CZE,1,2005,,,,52.3
CZE,0,2004,,,,59.4
CZE,1,2004,,,,51.6
CZE,0,2003,,,,59.6
CZE,1,2003,,,,51.3
CZE,0,2002,,,,60.0
CZE,1,2002,,,,49.6
DEU,0,2021,,,,60.4
DEU,1,2021,,,,61.1
DEU,0,2020,,,,60.5
DEU,1,2020,,,,61.4
DEU,0,2019,,,,62.4
DEU,1,2019,,,,59.9
DEU,0,2018,,,,61.9
DEU,1,2018,,,,58.8
DEU,0,2017,,,,62.0
DEU,1,2017,,,,57.5
DEU,0,2016,,,,61.7
DEU,1,2016,,,,58.1
DEU,0,2015,,,,60.6
DEU,1,2015,,,,58.0
DEU,0,2014,,,,61.0
DEU,1,2014,,,,57.6
DEU,0,2013,,,,61.0
DEU,1,2013,,,,56.9
DEU,0,2012,,,,60.8
DEU,1,2012,,,,56.5
DEU,0,2011,,,,61.0
DEU,1,2011,,,,55.6
DEU,0,2010,,,,60.3
DEU,1,2010,,,,54.6
DEU,0,2009,,,,60.4
DEU,1,2009,,,,54.5
DEU,0,2008,,,,60.3
DEU,1,2008,,,,54.1
DEU,0,2007,,,,60.2
DEU,1,2007,,,,54.1
DEU,0,2006,,,,60.0
DEU,1,2006,,,,53.9
DEU,0,2005,,,,59.5
DEU,1,2005,,,,53.6
DEU,0,2004,,,,57.4
DEU,1,2004,,,,54.7
DEU,0,2003,,,,57.9
DEU,1,2003,,,,54.9
DEU,0,2002,,,,57.9
DEU,1,2002,,,,54.7
DEU,0,2001,,,,58.2
DEU,1,2001,,,,54.7
DEU,0,2000,,,,58.1
DEU,1,2000,,,,54.6
DEU,0,1999,,,,58.5
DEU,1,1999,,,,55.6
DEU,1,1998,,,,57.7
DEU,1,1997,,,,57.7
DEU,1,1996,,,,57.6
DEU,1,1995,,,,57.7
DNK,0,2021,,,,61.8
DNK,1,2021,,,,69.4
DNK,0,2020,,,,61.6
DNK,1,2020,,,,66.1
DNK,0,2019,,,,62.1
DNK,1,2019,,,,64.9
DNK,0,2018,,,,61.5
DNK,1,2018,,,,64.5
DNK,0,2017,,,,61.5
DNK,1,2017,,,,64.0
DNK,0,2016,,,,61.3
DNK,1,2016,,,,64.7
DNK,0,2015,,,,61.1
DNK,1,2015,,,,63.3
DNK,0,2014,,,,61.0
DNK,1,2014,,,,64.1
DNK,0,2013,,,,61.2
DNK,1,2013,,,,63.2
DNK,0,2012,,,,62.2
DNK,1,2012,,,,63.6
DNK,0,2011,,,,63.0
DNK,1,2011,,,,63.2
DNK,0,2010,,,,63.4
DNK,1,2010,,,,64.5
DNK,0,2009,,,,64.3
DNK,1,2009,,,,66.1
DNK,0,2008,,,,65.2
DNK,1,2008,,,,63.6
DNK,0,2007,,,,65.9
DNK,1,2007,,,,64.5
DNK,0,2006,,,,66.2
DNK,1,2006,,,,62.8
DNK,0,2005,,,,65.8
DNK,1,2005,,,,64.2
DNK,0,2004,,,,66.3
DNK,1,2004,,,,62.0
DNK,0,2003,,,,65.9
DNK,1,2003,,,,59.7
DNK,0,2002,,,,65.9
DNK,1,2002,,,,62.3
DNK,0,2001,,,,65.5
DNK,1,2001,,,,58.7
DNK,0,2000,,,,66.0
DNK,1,2000,,,,59.0
DNK,0,1999,,,,66.3
DNK,1,1999,,,,56.2
DNK,0,1998,,,,65.5
DNK,1,1998,,,,60.7
DNK,0,1997,,,,65.8
DNK,1,1997,,,,58.7
DNK,0,1996,,,,65.5
DNK,1,1996,,,,58.2
DNK,0,1995,,,,64.9
DNK,1,1995,,,,60.3
DOM,0,2021,,,,62.6
DOM,1,2021,,,,74.2
DOM,0,2020,,,,59.7
DOM,1,2020,,,,72.3
DOM,0,2019,,,,64.2
DOM,1,2019,,,,77.7
DOM,0,2018,,,,63.1
DOM,1,2018,,,,77.2
DOM,0,2017,,,,61.8
DOM,1,2017,,,,74.4
DOM,0,2016,,,,61.9
DOM,1,2016,,,,75.3
DOM,0,2015,,,,61.5
DOM,1,2015,,,,74.3
ECU,0,2021,,,,65.6
ECU,1,2021,,,,71.2
ECU,0,2019,,,,66.0
ECU,1,2019,,,,74.4
ECU,0,2018,,,,66.5
ECU,1,2018,,,,74.1
ECU,0,2017,,,,68.1
ECU,1,2017,,,,69.3
ECU,0,2016,,,,67.6
ECU,1,2016,,,,70.6
ECU,0,2015,,,,65.6
ECU,1,2015,,,,69.5
ECU,0,2014,,,,62.6
ECU,1,2014,,,,66.8
ECU,0,2013,,,,62.2
ECU,1,2013,,,,67.0
ECU,0,2012,,,,62.4
ECU,1,2012,,,,66.7
ECU,0,2011,,,,69.0
ECU,1,2011,,,,58.1
ECU,0,2010,,,,72.2
ECU,1,2010,,,,60.9
ECU,0,2009,,,,76.6
ECU,1,2009,,,,65.0
ECU,0,2008,,,,78.5
ECU,1,2008,,,,68.1
ECU,0,2007,,,,80.5
ECU,1,2007,,,,64.2
ECU,0,2001,,,,69.4
ECU,1,2001,,,,64.6
ECU,0,2000,,,,63.4
ECU,1,2000,,,,67.2
EGY,0,2011,,,,48.8
EGY,1,2011,,,,45.2
EGY,0,2010,,,,49.4
EGY,1,2010,,,,42.6
EGY,0,2009,,,,47.9
EGY,1,2009,,,,44.4
EGY,0,2008,,,,47.6
EGY,1,2008,,,,42.9
ESP,0,2021,,,,55.3
ESP,1,2021,,,,70.8
ESP,0,2020,,,,54.3
ESP,1,2020,,,,69.7
ESP,0,2019,,,,55.5
ESP,1,2019,,,,71.8
ESP,0,2018,,,,55.5
ESP,1,2018,,,,72.3
ESP,0,2017,,,,55.8
ESP,1,2017,,,,72.6
ESP,0,2016,,,,56.3
ESP,1,2016,,,,72.7
ESP,0,2015,,,,56.6
ESP,1,2015,,,,73.4
ESP,0,2014,,,,56.7
ESP,1,2014,,,,73.7
ESP,0,2013,,,,57.0
ESP,1,2013,,,,74.3
ESP,0,2012,,,,57.2
ESP,1,2012,,,,75.0
ESP,0,2011,,,,57.0
ESP,1,2011,,,,75.6
ESP,0,2010,,,,56.8
ESP,1,2010,,,,76.3
ESP,0,2009,,,,56.7
ESP,1,2009,,,,76.6
ESP,0,2008,,,,56.7
ESP,1,2008,,,,76.0
ESP,0,2007,,,,56.1
ESP,1,2007,,,,75.2
ESP,0,2006,,,,55.7
ESP,1,2006,,,,75.6
ESP,0,2005,,,,55.1
ESP,1,2005,,,,74.1
ESP,0,2004,,,,54.2
ESP,1,2004,,,,73.8
ESP,0,2003,,,,53.5
ESP,1,2003,,,,72.5
ESP,0,2002,,,,52.6
ESP,1,2002,,,,71.1
ESP,0,2001,,,,51.3
ESP,1,2001,,,,67.5
ESP,0,2000,,,,52.3
ESP,1,2000,,,,63.9
ESP,0,1999,,,,51.2
ESP,1,1999,,,,63.6
ESP,0,1998,,,,50.8
ESP,1,1998,,,,61.0
ESP,0,1997,,,,50.6
ESP,1,1997,,,,58.9
ESP,0,1996,,,,50.2
ESP,1,1996,,,,57.6
ESP,0,1995,,,,49.9
ESP,1,1995,,,,58.4
EST,1,1999,,,,58.3
EST,1,1998,,,,59.8
ETH,0,2021,,,,68.3
ETH,1,2021,,,,43.5
FIN,0,2021,,,,59.2
FIN,1,2021,,,,73.7
FIN,0,2020,,,,58.2
FIN,1,2020,,,,70.9
FIN,0,2019,,,,58.8
FIN,1,2019,,,,69.2
FIN,0,2018,,,,58.9
FIN,1,2018,,,,68.2
FIN,0,2017,,,,58.4
FIN,1,2017,,,,67.0
FIN,0,2016,,,,58.2
FIN,1,2016,,,,66.2
FIN,0,2015,,,,58.4
FIN,1,2015,,,,68.8
FIN,0,2014,,,,58.4
FIN,1,2014,,,,69.1
FIN,0,2013,,,,58.7
FIN,1,2013,,,,69.9
FIN,0,2012,,,,59.4
FIN,1,2012,,,,69.5
FIN,0,2011,,,,59.6
FIN,1,2011,,,,68.1
FIN,0,2010,,,,59.7
FIN,1,2010,,,,67.7
FIN,0,2009,,,,60.1
FIN,1,2009,,,,70.4
FIN,0,2008,,,,61.2
FIN,1,2008,,,,70.8
FIN,0,2007,,,,61.0
FIN,1,2007,,,,69.9
FIN,0,2006,,,,60.8
FIN,1,2006,,,,67.5
FIN,0,2005,,,,60.7
FIN,1,2005,,,,64.4
FIN,0,2004,,,,62.0
FIN,1,2004,,,,68.8
FIN,0,2003,,,,62.8
FIN,1,2003,,,,67.5
FIN,0,2002,,,,63.0
FIN,1,2002,,,,73.9
FIN,0,2001,,,,63.1
FIN,1,2001,,,,73.0
FIN,0,2000,,,,63.2
FIN,1,2000,,,,63.3
FIN,0,1999,,,,62.9
FIN,1,1999,,,,69.0
FIN,0,1998,,,,60.3
FIN,1,1998,,,,65.1
FIN,0,1997,,,,60.2
FIN,1,1997,,,,62.9
FIN,0,1996,,,,59.4
FIN,1,1996,,,,60.8
FJI,0,2016,,,,57.6
FJI,1,2016,,,,54.3
FJI,0,2011,,,,63.2
FJI,1,2011,,,,55.0
FJI,0,2021,,,,41.5
FJI,1,2021,,,,12.3
FRA,0,2021,,,,56.3
FRA,1,2021,,,,52.9
FRA,0,2020,,,,54.9
FRA,1,2020,,,,52.2
FRA,0,2019,,,,55.8
FRA,1,2019,,,,52.3
FRA,0,2018,,,,56.2
FRA,1,2018,,,,52.4
FRA,0,2017,,,,56.3
FRA,1,2017,,,,51.7
FRA,0,2016,,,,56.6
FRA,1,2016,,,,51.5
FRA,0,2015,,,,56.7
FRA,1,2015,,,,52.1
FRA,0,2014,,,,56.6
FRA,1,2014,,,,52.9
FRA,0,2013,,,,56.9
FRA,1,2013,,,,53.3
FRA,0,2012,,,,56.6
FRA,1,2012,,,,53.7
FRA,0,2011,,,,56.4
FRA,1,2011,,,,53.7
FRA,0,2010,,,,56.6
FRA,1,2010,,,,54.0
FRA,0,2009,,,,56.7
FRA,1,2009,,,,53.9
FRA,0,2008,,,,56.3
FRA,1,2008,,,,54.2
FRA,0,2007,,,,56.3
FRA,1,2007,,,,53.9
FRA,0,2006,,,,56.2
FRA,1,2006,,,,53.5
FRA,0,2005,,,,56.2
FRA,1,2005,,,,54.0
FRA,0,2004,,,,56.5
FRA,1,2004,,,,54.7
FRA,0,2003,,,,56.7
FRA,1,2003,,,,53.9
FRA,0,2002,,,,56.4
FRA,1,2002,,,,53.4
FRA,0,2001,,,,56.1
FRA,1,2001,,,,54.3
FRA,0,2000,,,,56.3
FRA,1,2000,,,,54.9
FRA,0,1999,,,,56.2
FRA,1,1999,,,,54.8
FRA,0,1998,,,,55.9
FRA,1,1998,,,,55.2
FRA,0,1997,,,,55.9
FRA,1,1997,,,,55.2
FRA,0,1996,,,,56.2
FRA,1,1996,,,,56.0
FRA,0,1995,,,,55.9
FRA,1,1995,,,,55.6
FSM,0,2014,,,,56.7
FSM,1,2014,,,,65.1
GBR,0,2019,,,,61.9
GBR,1,2019,,,,70.3
GBR,0,2018,,,,61.9
GBR,1,2018,,,,69.7
GBR,0,2017,,,,61.7
GBR,1,2017,,,,69.0
GBR,0,2016,,,,61.9
GBR,1,2016,,,,68.6
GBR,0,2015,,,,61.9
GBR,1,2015,,,,67.8
GBR,0,2014,,,,61.9
GBR,1,2014,,,,67.2
GBR,0,2013,,,,62.0
GBR,1,2013,,,,66.4
GBR,0,2012,,,,62.0
GBR,1,2012,,,,65.7
GBR,0,2011,,,,61.8
GBR,1,2011,,,,65.3
GBR,0,2010,,,,62.0
GBR,1,2010,,,,65.0
GBR,0,2009,,,,62.3
GBR,1,2009,,,,64.6
GBR,0,2008,,,,62.5
GBR,1,2008,,,,64.6
GBR,0,2007,,,,62.4
GBR,1,2007,,,,63.8
GBR,0,2006,,,,62.6
GBR,1,2006,,,,63.7
GBR,0,2005,,,,62.4
GBR,1,2005,,,,61.1
GBR,0,2004,,,,62.1
GBR,1,2004,,,,60.0
GBR,0,2003,,,,62.2
GBR,1,2003,,,,58.7
GBR,0,2002,,,,62.1
GBR,1,2002,,,,58.7
GBR,0,2001,,,,61.9
GBR,1,2001,,,,57.9
GBR,0,2000,,,,62.3
GBR,1,2000,,,,58.2
GBR,0,1999,,,,62.0
GBR,1,1999,,,,57.8
GBR,0,1998,,,,62.1
GBR,1,1998,,,,58.4
GBR,0,1997,,,,62.1
GBR,1,1997,,,,58.7
GBR,0,1996,,,,61.9
GBR,1,1996,,,,58.8
GBR,0,1995,,,,61.8
GBR,1,1995,,,,58.3
GHA,0,2015,,,,69.2
GHA,1,2015,,,,70.0
GHA,0,2017,,,,71.3
GHA,1,2017,,,,71.5
GHA,0,2013,,,,76.2
GHA,1,2013,,,,73.7
GHA,0,2006,,,,70.6
GHA,1,2006,,,,65.9
GHA,0,2010,,,,70.9
GHA,1,2010,,,,69.1
GHA,0,2000,,,,71.6
GHA,1,2000,,,,78.0
GIN,0,2019,,,,54.4
GIN,1,2019,,,,43.0
GMB,0,2018,,,,60.2
GMB,1,2018,,,,70.5
GMB,0,2012,,,,58.4
GMB,1,2012,,,,69.5
GNB,0,2018,,,,55.1
GNB,1,2018,,,,57.2
GRC,0,2021,,,,49.9
GRC,1,2021,,,,65.6
GRC,0,2020,,,,49.5
GRC,1,2020,,,,66.2
GRC,0,2019,,,,50.1
GRC,1,2019,,,,68.8
GRC,0,2018,,,,50.2
GRC,1,2018,,,,68.1
GRC,0,2017,,,,50.3
GRC,1,2017,,,,69.8
GRC,0,2016,,,,50.1
GRC,1,2016,,,,72.5
GRC,0,2015,,,,50.1
GRC,1,2015,,,,71.8
GRC,0,2014,,,,49.8
GRC,1,2014,,,,72.3
GRC,0,2013,,,,50.1
GRC,1,2013,,,,71.9
GRC,0,2012,,,,50.4
GRC,1,2012,,,,71.2
GRC,0,2011,,,,50.5
GRC,1,2011,,,,71.7
GRC,0,2010,,,,51.1
GRC,1,2010,,,,72.8
GRC,0,2009,,,,51.1
GRC,1,2009,,,,71.2
GRC,0,2008,,,,51.1
GRC,1,2008,,,,69.3
GRC,0,2007,,,,51.2
GRC,1,2007,,,,68.8
GRC,0,2006,,,,51.4
GRC,1,2006,,,,69.3
GRC,0,2005,,,,
GRC,1,2005,,,,52.2
GRC,0,2004,,,,51.0
GRC,1,2004,,,,67.2
GRC,0,2003,,,,50.4
GRC,1,2003,,,,69.3
GRC,0,2002,,,,50.3
GRC,1,2002,,,,67.9
GRC,0,2001,,,,50.1
GRC,1,2001,,,,66.6
GRC,0,2000,,,,51.0
GRC,1,2000,,,,65.2
GRC,0,1999,,,,51.2
GRC,1,1999,,,,65.6
GRC,0,1998,,,,60.5
GRC,1,1998,,,,71.6
GRC,0,1997,,,,48.5
GRC,1,1997,,,,57.6
GRC,0,1996,,,,49.4
GRC,1,1996,,,,55.7
GRC,0,1995,,,,49.0
GRC,1,1995,,,,53.3
GTM,0,2004,,,,64.4
GTM,1,2004,,,,49.8
GUY,0,2019,,,,55.0
GUY,1,2019,,,,58.9
GUY,0,2018,,,,58.2
GUY,1,2018,,,,61.3
HND,0,2019,,,,64.6
HND,1,2019,,,,65.1
HND,0,2018,,,,66.8
HND,1,2018,,,,57.0
HND,0,2017,,,,64.4
HND,1,2017,,,,64.8
HND,0,2016,,,,63.4
HND,1,2016,,,,59.8
HND,0,2015,,,,64.1
HND,1,2015,,,,57.2
HND,0,2014,,,,64.2
HND,1,2014,,,,59.4
HND,0,2011,,,,59.7
HND,1,2011,,,,58.8
HND,0,2009,,,,60.8
HND,1,2009,,,,60.4
HND,0,2008,,,,59.6
HND,1,2008,,,,56.4
HND,0,2007,,,,58.9
HND,1,2007,,,,61.3
HRV,0,2021,,,,52.1
HRV,1,2021,,,,48.7
HRV,0,2020,,,,51.7
HRV,1,2020,,,,45.9
HRV,0,2019,,,,51.7
HRV,1,2019,,,,46.7
HRV,0,2018,,,,51.5
HRV,1,2018,,,,48.9
HRV,0,2017,,,,52.0
HRV,1,2017,,,,48.6
HRV,0,2016,,,,51.9
HRV,1,2016,,,,46.6
HRV,0,2015,,,,52.9
HRV,1,2015,,,,51.0
HRV,0,2014,,,,52.7
HRV,1,2014,,,,49.8
HRV,0,2013,,,,51.4
HRV,1,2013,,,,46.2
HRV,0,2012,,,,52.1
HRV,1,2012,,,,45.6
HRV,0,2011,,,,52.3
HRV,1,2011,,,,47.7
HRV,0,2010,,,,52.9
HRV,1,2010,,,,49.9
HRV,0,2009,,,,53.4
HRV,1,2009,,,,50.7
HRV,0,2008,,,,53.7
HRV,1,2008,,,,48.2
HRV,0,2007,,,,53.5
HRV,1,2007,,,,48.8
HRV,0,2006,,,,49.7
HRV,1,2006,,,,45.2
HTI,0,2012,,,,63.7
HTI,1,2012,,,,65.3
HUN,0,2021,,,,59.3
HUN,1,2021,,,,67.4
HUN,0,2020,,,,56.8
HUN,1,2020,,,,61.9
HUN,0,2019,,,,57.0
HUN,1,2019,,,,62.3
HUN,0,2018,,,,56.7
HUN,1,2018,,,,57.5
HUN,0,2017,,,,56.2
HUN,1,2017,,,,60.1
HUN,0,2016,,,,55.5
HUN,1,2016,,,,62.5
HUN,0,2015,,,,54.6
HUN,1,2015,,,,60.3
HUN,0,2014,,,,53.6
HUN,1,2014,,,,57.6
HUN,0,2013,,,,52.0
HUN,1,2013,,,,58.8
HUN,0,2012,,,,51.5
HUN,1,2012,,,,58.2
HUN,0,2011,,,,50.6
HUN,1,2011,,,,54.3
HUN,0,2010,,,,50.3
HUN,1,2010,,,,54.5
HUN,0,2009,,,,49.7
HUN,1,2009,,,,55.7
HUN,0,2008,,,,49.8
HUN,1,2008,,,,54.4
HUN,0,2007,,,,50.3
HUN,1,2007,,,,53.2
HUN,0,2006,,,,50.6
HUN,1,2006,,,,52.9
HUN,0,2005,,,,50.2
HUN,1,2005,,,,51.2
HUN,0,2004,,,,49.5
HUN,1,2004,,,,49.3
HUN,1,2003,,,,49.7
HUN,1,2002,,,,48.9
HUN,1,2001,,,,48.9
IDN,0,2019,,,,68.2
IDN,1,2019,,,,66.4
IDN,0,2018,,,,67.7
IDN,1,2018,,,,61.4
IDN,0,2017,,,,66.7
IDN,1,2017,,,,60.2
IRL,0,2021,,,,60.6
IRL,1,2021,,,,72.6
IRL,0,2020,,,,58.8
IRL,1,2020,,,,69.5
IRL,0,2019,,,,59.7
IRL,1,2019,,,,71.6
IRL,0,2018,,,,59.5
IRL,1,2018,,,,72.1
IRL,0,2017,,,,59.7
IRL,1,2017,,,,70.8
IRL,0,2016,,,,60.3
IRL,1,2016,,,,70.2
IRL,0,2015,,,,60.2
IRL,1,2015,,,,69.1
IRL,0,2014,,,,60.0
IRL,1,2014,,,,69.3
IRL,0,2013,,,,60.1
IRL,1,2013,,,,70.4
IRL,0,2012,,,,59.9
IRL,1,2012,,,,69.8
IRL,0,2011,,,,60.3
IRL,1,2011,,,,69.7
IRL,0,2010,,,,61.0
IRL,1,2010,,,,70.0
IRL,0,2009,,,,62.2
IRL,1,2009,,,,73.0
IRL,0,2008,,,,64.0
IRL,1,2008,,,,75.2
IRL,0,2007,,,,64.7
IRL,1,2007,,,,76.4
IRL,0,2006,,,,61.5
IRL,1,2006,,,,73.0
IRL,0,2004,,,,59.7
IRL,1,2004,,,,64.1
IRL,0,2003,,,,59.3
IRL,1,2003,,,,63.5
IRL,0,2002,,,,59.1
IRL,1,2002,,,,65.7
IRL,0,2001,,,,58.7
IRL,1,2001,,,,65.9
IRL,0,2000,,,,58.6
IRL,1,2000,,,,65.2
IRL,0,1999,,,,57.6
IRL,1,1999,,,,64.0
IRL,0,1998,,,,56.0
IRL,1,1998,,,,62.9
IRQ,0,2021,,,,39.5
IRQ,1,2021,,,,64.4
IRQ,0,2012,,,,41.0
IRQ,1,2012,,,,37.3
IRQ,0,2007,,,,41.7
IRQ,1,2007,,,,33.6
ISL,0,2021,,,,72.0
ISL,1,2021,,,,82.3
ISL,0,2020,,,,78.3
ISL,1,2020,,,,83.8
ISL,0,2019,,,,80.8
ISL,1,2019,,,,85.5
ISL,0,2018,,,,81.4
ISL,1,2018,,,,86.2
ISL,0,2017,,,,82.2
ISL,1,2017,,,,89.9
ISL,0,2016,,,,83.3
ISL,1,2016,,,,89.2
ISL,0,2015,,,,82.8
ISL,1,2015,,,,85.4
ISL,0,2014,,,,81.6
ISL,1,2014,,,,87.6
ISL,0,2013,,,,80.1
ISL,1,2013,,,,85.7
ISL,0,2012,,,,79.3
ISL,1,2012,,,,85.3
ISL,0,2011,,,,79.3
ISL,1,2011,,,,85.2
ISL,0,2010,,,,80.0
ISL,1,2010,,,,84.6
ISL,0,2009,,,,79.9
ISL,1,2009,,,,85.4
ISL,0,2008,,,,81.8
ISL,1,2008,,,,83.2
ISL,0,2007,,,,82.5
ISL,1,2007,,,,84.6
ISL,0,2006,,,,82.4
ISL,1,2006,,,,83.4
ISL,0,2005,,,,81.3
ISL,1,2005,,,,81.8
ISL,0,2004,,,,81.7
ISL,1,2004,,,,84.7
ISL,0,2003,,,,82.8
ISL,1,2003,,,,86.7
ISL,0,2002,,,,82.6
ISL,1,2002,,,,85.6
ISL,0,2001,,,,83.4
ISL,1,2001,,,,86.2
ISL,0,2000,,,,83.7
ISL,1,2000,,,,86.2
ISL,0,1999,,,,82.8
ISL,1,1999,,,,81.1
ISL,0,1998,,,,81.5
ISL,1,1998,,,,77.1
ISL,0,1997,,,,80.3
ISL,1,1997,,,,74.8
ISL,0,1996,,,,81.3
ISL,1,1996,,,,77.7
ISL,0,1995,,,,82.5
ISL,1,1995,,,,71.4
ITA,0,2021,,,,46.6
ITA,1,2021,,,,64.7
ITA,0,2020,,,,46.7
ITA,1,2020,,,,63.4
ITA,0,2019,,,,47.8
ITA,1,2019,,,,67.1
ITA,0,2018,,,,47.8
ITA,1,2018,,,,67.1
ITA,0,2017,,,,47.8
ITA,1,2017,,,,66.6
ITA,0,2016,,,,47.5
ITA,1,2016,,,,66.5
ITA,0,2015,,,,46.9
ITA,1,2015,,,,66.4
ITA,0,2014,,,,47.1
ITA,1,2014,,,,66.6
ITA,0,2013,,,,46.8
ITA,1,2013,,,,66.8
ITA,0,2012,,,,47.3
ITA,1,2012,,,,66.7
ITA,0,2011,,,,46.4
ITA,1,2011,,,,66.4
ITA,0,2010,,,,46.5
ITA,1,2010,,,,66.4
ITA,0,2009,,,,46.9
ITA,1,2009,,,,67.0
ITA,0,2008,,,,47.6
ITA,1,2008,,,,67.5
ITA,0,2007,,,,47.4
ITA,1,2007,,,,67.8
ITA,0,2006,,,,47.9
ITA,1,2006,,,,66.9
ITA,0,2005,,,,48.1
ITA,1,2005,,,,65.8
KEN,0,2019,,,,67.0
KEN,1,2019,,,,74.4
KHM,0,2012,,,,67.8
KHM,1,2012,,,,75.6
KHM,0,2011,,,,85.5
KHM,1,2011,,,,84.1
KHM,0,2010,,,,84.7
KHM,1,2010,,,,88.7
KHM,0,2009,,,,82.0
KHM,1,2009,,,,83.5
KHM,0,2019,,,,78.4
KHM,1,2019,,,,79.7
KIR,0,2020,,,,47.9
KIR,1,2020,,,,53.8
KIR,0,2015,,,,42.6
KIR,1,2015,,,,53.3
KIR,0,2019,,,,35.7
KIR,1,2019,,,,40.4
KOS,0,2020,,,,33.7
KOS,1,2020,,,,31.7
KOS,0,2019,,,,35.7
KOS,1,2019,,,,38.2
KOS,0,2018,,,,36.3
KOS,1,2018,,,,23.8
KOS,0,2017,,,,37.3
KOS,1,2017,,,,19.7
KOS,0,2016,,,,34.1
KOS,1,2016,,,,41.6
KOS,0,2015,,,,33.5
KOS,1,2015,,,,17.0
KOS,0,2014,,,,37.2
KOS,1,2014,,,,31.2
KOS,0,2013,,,,36.6
KOS,1,2013,,,,30.8
KOS,0,2012,,,,33.6
KOS,1,2012,,,,21.2
LAO,0,2017,,,,59.8
LAO,1,2017,,,,64.3
LBR,0,2017,,,,53.8
LBR,1,2017,,,,54.9
LBR,0,2010,,,,61.2
LBR,1,2010,,,,65.2
LBR,0,2016,,,,75.3
LBR,1,2016,,,,74.8
LBR,0,2014,,,,73.1
LBR,1,2014,,,,71.2
LCA,0,2021,,,,68.6
LCA,1,2021,,,,61.9
LCA,0,2020,,,,66.7
LCA,1,2020,,,,57.2
LCA,0,2019,,,,69.7
LCA,1,2019,,,,64.1
LCA,0,2018,,,,70.8
LCA,1,2018,,,,65.1
LCA,0,2017,,,,70.7
LCA,1,2017,,,,56.2
LSO,0,2019,,,,57.7
LSO,1,2019,,,,54.9
LTU,0,2021,,,,63.1
LTU,1,2021,,,,48.4
LTU,0,2020,,,,63.3
LTU,1,2020,,,,51.3
LTU,0,2019,,,,62.7
LTU,1,2019,,,,51.7
LTU,0,2018,,,,62.3
LTU,1,2018,,,,49.6
LTU,0,2017,,,,61.3
LTU,1,2017,,,,48.5
LTU,0,2016,,,,60.9
LTU,1,2016,,,,50.3
LTU,0,2015,,,,59.7
LTU,1,2015,,,,49.1
LTU,0,2014,,,,59.3
LTU,1,2014,,,,50.6
LTU,0,2013,,,,58.3
LTU,1,2013,,,,51.4
LTU,0,2012,,,,57.9
LTU,1,2012,,,,53.8
LTU,0,2011,,,,57.6
LTU,1,2011,,,,53.1
LTU,0,2010,,,,57.1
LTU,1,2010,,,,50.8
LTU,0,2009,,,,56.9
LTU,1,2009,,,,50.1
LTU,0,2008,,,,56.0
LTU,1,2008,,,,51.7
LTU,0,2007,,,,55.8
LTU,1,2007,,,,50.8
LTU,0,2006,,,,55.5
LTU,1,2006,,,,51.1
LTU,0,2005,,,,56.4
LTU,1,2005,,,,54.6
LTU,0,2004,,,,57.3
LTU,1,2004,,,,55.0
LTU,0,2003,,,,60.4
LTU,1,2003,,,,57.1
LTU,0,2002,,,,58.7
LTU,1,2002,,,,54.6
LTU,0,2001,,,,59.3
LTU,1,2001,,,,55.7
LTU,0,2000,,,,60.7
LTU,1,2000,,,,53.6
LTU,0,1999,,,,61.5
LTU,1,1999,,,,57.4
LTU,0,1998,,,,61.4
LTU,1,1998,,,,55.0
LUX,0,2021,,,,53.8
LUX,1,2021,,,,68.3
LUX,0,2020,,,,52.5
LUX,1,2020,,,,68.2
LUX,0,2019,,,,52.1
LUX,1,2019,,,,68.3
LUX,0,2018,,,,51.3
LUX,1,2018,,,,67.8
LUX,0,2017,,,,51.1
LUX,1,2017,,,,67.4
LUX,0,2016,,,,50.7
LUX,1,2016,,,,67.5
LUX,0,2015,,,,52.2
LUX,1,2015,,,,68.6
LUX,0,2014,,,,51.8
LUX,1,2014,,,,69.8
LUX,0,2013,,,,50.7
LUX,1,2013,,,,69.9
LUX,0,2012,,,,50.6
LUX,1,2012,,,,68.7
LUX,0,2011,,,,49.5
LUX,1,2011,,,,67.8
LUX,0,2010,,,,50.2
LUX,1,2010,,,,67.9
LUX,0,2009,,,,51.5
LUX,1,2009,,,,67.5
LUX,0,2008,,,,49.2
LUX,1,2008,,,,66.7
LUX,0,2007,,,,48.9
LUX,1,2007,,,,67.0
LUX,0,2006,,,,48.6
LUX,1,2006,,,,65.7
LUX,0,2005,,,,49.3
LUX,1,2005,,,,66.0
LUX,0,2004,,,,48.4
LUX,1,2004,,,,66.0
LUX,0,2003,,,,48.0
LUX,1,2003,,,,65.0
LUX,0,2002,,,,49.3
LUX,1,2002,,,,65.0
LUX,0,2001,,,,47.8
LUX,1,2001,,,,65.2
LUX,0,2000,,,,49.2
LUX,1,2000,,,,60.9
LUX,0,1999,,,,48.0
LUX,1,1999,,,,60.5
LUX,0,1998,,,,47.4
LUX,1,1998,,,,58.9
LUX,0,1997,,,,46.5
LUX,1,1997,,,,60.5
LUX,0,1996,,,,46.2
LUX,1,1996,,,,60.8
LUX,0,1995,,,,45.9
LUX,1,1995,,,,61.5
LVA,0,2020,,,,64.3
LVA,1,2020,,,,44.6
LVA,0,2019,,,,64.2
LVA,1,2019,,,,41.9
LVA,0,2018,,,,64.5
LVA,1,2018,,,,42.1
LVA,0,2017,,,,64.1
LVA,1,2017,,,,41.1
LVA,0,2016,,,,63.6
LVA,1,2016,,,,41.1
LVA,0,2015,,,,63.3
LVA,1,2015,,,,40.6
LVA,0,2014,,,,62.4
LVA,1,2014,,,,41.4
LVA,0,2013,,,,62.5
LVA,1,2013,,,,42.1
LVA,0,2012,,,,62.2
LVA,1,2012,,,,46.0
LVA,0,2011,,,,61.1
LVA,1,2011,,,,44.7
LVA,0,2010,,,,61.3
LVA,1,2010,,,,45.8
LVA,0,2009,,,,62.2
LVA,1,2009,,,,49.7
LVA,0,2008,,,,63.3
LVA,1,2008,,,,52.2
LVA,0,2007,,,,61.7
LVA,1,2007,,,,52.7
LVA,0,2006,,,,60.8
LVA,1,2006,,,,48.9
LVA,0,2005,,,,59.3
LVA,1,2005,,,,47.2
LVA,0,2004,,,,59.4
LVA,1,2004,,,,47.4
LVA,0,2021,,,,62.3
LVA,1,2021,,,,43.7
MDV,0,2019,,,,62.1
MDV,1,2019,,,,91.4
MDV,0,2016,,,,57.0
MDV,1,2016,,,,88.4
MDV,0,2014,,,,62.1
MDV,1,2014,,,,95.0
MEX,0,2021,,,,58.9
MEX,1,2021,,,,51.5
MEX,0,2019,,,,60.2
MEX,1,2019,,,,51.7
MEX,0,2018,,,,59.7
MEX,1,2018,,,,50.5
MEX,0,2017,,,,59.5
MEX,1,2017,,,,51.0
MEX,0,2016,,,,59.8
MEX,1,2016,,,,53.9
MEX,0,2015,,,,59.9
MEX,1,2015,,,,51.8
MEX,0,2014,,,,59.8
MEX,1,2014,,,,53.1
MEX,0,2013,,,,60.3
MEX,1,2013,,,,54.6
MEX,0,2012,,,,60.4
MEX,1,2012,,,,54.4
MEX,0,2011,,,,59.8
MEX,1,2011,,,,52.6
MEX,0,2010,,,,59.7
MEX,1,2010,,,,49.1
MEX,0,2009,,,,60.0
MEX,1,2009,,,,48.1
MEX,0,2008,,,,60.0
MEX,1,2008,,,,49.5
MEX,0,2007,,,,60.1
MEX,1,2007,,,,52.7
MEX,0,2006,,,,60.2
MEX,1,2006,,,,53.9
MEX,0,2005,,,,59.4
MEX,1,2005,,,,51.2
MEX,0,2004,,,,58.9
MEX,1,2004,,,,49.4
MEX,0,2003,,,,58.3
MEX,1,2003,,,,47.2
MEX,0,2002,,,,58.0
MEX,1,2002,,,,51.3
MEX,0,2020,,,,57.6
MEX,1,2020,,,,52.2
MHL,0,2019,,,,43.6
MHL,1,2019,,,,67.5
MKD,0,2020,,,,55.1
MKD,1,2020,,,,36.9
MKD,0,2019,,,,55.9
MKD,1,2019,,,,37.1
MKD,0,2018,,,,55.5
MKD,1,2018,,,,36.9
MKD,0,2017,,,,55.9
MKD,1,2017,,,,38.0
MKD,0,2016,,,,55.8
MKD,1,2016,,,,37.9
MKD,0,2015,,,,56.1
MKD,1,2015,,,,36.9
MKD,0,2014,,,,56.8
MKD,1,2014,,,,31.7
MKD,0,2013,,,,56.5
MKD,1,2013,,,,35.7
MLI,0,2020,,,,65.9
MLI,1,2020,,,,68.7
MLT,0,2021,,,,57.7
MLT,1,2021,,,,79.7
MLT,0,2020,,,,57.6
MLT,1,2020,,,,77.9
MLT,0,2019,,,,57.4
MLT,1,2019,,,,76.8
MLT,0,2018,,,,56.9
MLT,1,2018,,,,74.6
MLT,0,2017,,,,55.3
MLT,1,2017,,,,72.2
MLT,0,2016,,,,54.9
MLT,1,2016,,,,67.8
MLT,0,2015,,,,54.4
MLT,1,2015,,,,64.9
MLT,0,2014,,,,53.7
MLT,1,2014,,,,69.5
MLT,0,2013,,,,52.7
MLT,1,2013,,,,70.3
MLT,0,2012,,,,51.8
MLT,1,2012,,,,66.4
MLT,0,2011,,,,51.1
MLT,1,2011,,,,58.6
MLT,0,2010,,,,50.4
MLT,1,2010,,,,57.2
MLT,0,2009,,,,49.9
MLT,1,2009,,,,56.8
MLT,0,2008,,,,49.7
MLT,1,2008,,,,57.0
MLT,0,2007,,,,49.5
MLT,1,2007,,,,57.2
MLT,0,2006,,,,49.0
MLT,1,2006,,,,51.9
MLT,0,2005,,,,48.7
MLT,1,2005,,,,56.1
MNE,0,2020,,,,100.0
MNE,1,2020,,,,100.0
MNE,0,2019,,,,100.0
MNE,1,2019,,,,100.0
MNE,0,2018,,,,56.1
MNE,1,2018,,,,55.1
MNE,0,2017,,,,54.5
MNE,1,2017,,,,56.3
MNE,0,2016,,,,54.4
MNE,1,2016,,,,55.9
MNE,0,2015,,,,53.5
MNE,1,2015,,,,55.9
MNE,0,2014,,,,52.5
MNE,1,2014,,,,54.8
MNE,0,2013,,,,100.0
MNE,1,2013,,,,100.0
MNE,0,2012,,,,100.0
MNE,1,2012,,,,100.0
MNE,0,2011,,,,48.6
MNE,1,2011,,,,50.5
MNG,0,2021,,,,58.7
MNG,1,2021,,,,45.0
MNG,0,2019,,,,63.0
MNG,1,2019,,,,11.0
MNG,0,2020,,,,59.6
MNG,1,2020,,,,70.3
MSR,0,2020,,,,64.3
MSR,1,2020,,,,77.1
MWI,0,2013,,,,77.7
MWI,1,2013,,,,75.3
MWI,0,2020,,,,68.3
MWI,1,2020,,,,68.7
MWI,0,2017,,,,67.6
MWI,1,2017,,,,67.7
MWI,0,2011,,,,73.3
MWI,1,2011,,,,77.7
MWI,0,2005,,,,83.0
MWI,1,2005,,,,86.5
NAM,0,2018,,,,58.4
NAM,1,2018,,,,69.6
NAM,0,2016,,,,60.1
NAM,1,2016,,,,65.8
NCL,0,2020,,,,58.1
NCL,1,2020,,,,52.4
NCL,0,2019,,,,58.3
NCL,1,2019,,,,49.2
NER,0,2014,,,,74.9
NER,1,2014,,,,56.8
NER,0,2011,,,,79.7
NER,1,2011,,,,71.6
NGA,0,2019,,,,58.8
NGA,1,2019,,,,85.2
NIC,0,2005,,,,61.7
NIC,1,2005,,,,51.1
NIC,0,2001,,,,61.0
NIC,1,2001,,,,52.9
NLD,0,2021,,,,67.6
NLD,1,2021,,,,63.0
NLD,0,2020,,,,64.7
NLD,1,2020,,,,62.8
NLD,0,2019,,,,64.9
NLD,1,2019,,,,63.1
NLD,0,2018,,,,64.4
NLD,1,2018,,,,62.6
NLD,0,2017,,,,64.2
NLD,1,2017,,,,62.1
NLD,0,2016,,,,64.3
NLD,1,2016,,,,61.7
NLD,0,2015,,,,64.5
NLD,1,2015,,,,62.3
NLD,0,2014,,,,64.3
NLD,1,2014,,,,64.5
NLD,0,2013,,,,64.9
NLD,1,2013,,,,64.6
NLD,0,2012,,,,65.0
NLD,1,2012,,,,64.8
NLD,0,2011,,,,64.6
NLD,1,2011,,,,63.9
NLD,0,2010,,,,65.0
NLD,1,2010,,,,63.4
NLD,0,2009,,,,65.8
NLD,1,2009,,,,62.6
NLD,0,2008,,,,65.5
NLD,1,2008,,,,63.8
NLD,0,2007,,,,65.1
NLD,1,2007,,,,60.3
NLD,0,2006,,,,64.1
NLD,1,2006,,,,59.2
NLD,0,2005,,,,63.9
NLD,1,2005,,,,60.0
NLD,0,2004,,,,65.5
NLD,1,2004,,,,59.7
NLD,0,2003,,,,65.4
NLD,1,2003,,,,59.1
NLD,0,2002,,,,65.6
NLD,1,2002,,,,59.0
NLD,0,2001,,,,64.8
NLD,1,2001,,,,58.6
NLD,0,2000,,,,64.5
NLD,1,2000,,,,56.7
NLD,0,1999,,,,63.2
NLD,1,1999,,,,56.0
NOR,0,2021,,,,65.2
NOR,1,2021,,,,72.0
NOR,0,2020,,,,63.0
NOR,1,2020,,,,67.6
NOR,0,2019,,,,63.0
NOR,1,2019,,,,69.6
NOR,0,2018,,,,63.2
NOR,1,2018,,,,68.9
NOR,0,2017,,,,62.8
NOR,1,2017,,,,69.5
NOR,0,2016,,,,63.7
NOR,1,2016,,,,69.4
NOR,0,2015,,,,64.5
NOR,1,2015,,,,68.2
NOR,0,2014,,,,64.3
NOR,1,2014,,,,71.0
NOR,0,2013,,,,70.7
NOR,1,2013,,,,74.0
NOR,0,2012,,,,71.1
NOR,1,2012,,,,73.7
NOR,0,2011,,,,71.1
NOR,1,2011,,,,73.3
NOR,0,2010,,,,71.7
NOR,1,2010,,,,72.8
NOR,0,2009,,,,72.6
NOR,1,2009,,,,73.1
NOR,0,2008,,,,73.7
NOR,1,2008,,,,74.5
NOR,0,2007,,,,72.7
NOR,1,2007,,,,72.1
NOR,0,2006,,,,72.0
NOR,1,2006,,,,70.6
NOR,0,2005,,,,72.5
NOR,1,2005,,,,69.1
NOR,0,2004,,,,72.7
NOR,1,2004,,,,70.4
NOR,0,2003,,,,72.9
NOR,1,2003,,,,71.5
NOR,0,2002,,,,74.2
NOR,1,2002,,,,72.6
NOR,0,2001,,,,73.9
NOR,1,2001,,,,72.8
NOR,0,2000,,,,74.0
NOR,1,2000,,,,70.5
NOR,0,1999,,,,73.6
NOR,1,1999,,,,72.4
NOR,0,1998,,,,74.1
NOR,1,1998,,,,69.5
NOR,0,1997,,,,73.4
NOR,1,1997,,,,70.3
NOR,0,1996,,,,71.4
NOR,1,1996,,,,67.8
NOR,0,1995,,,,69.7
NOR,1,1995,,,,64.7
NPL,0,2008,,,,83.2
NPL,1,2008,,,,74.7
NRU,0,2013,,,,68.3
NRU,1,2013,,,,72.8
NZL,0,2021,,,,69.7
NZL,1,2021,,,,73.2
OMN,0,2021,,,,47.4
OMN,1,2021,,,,85.3
PAK,0,2021,,,,52.7
PAK,1,2021,,,,53.5
PAN,0,2021,,,,59.1
PAN,1,2021,,,,68.8
PAN,0,2020,,,,62.3
PAN,1,2020,,,,74.2
PAN,0,2008,,,,63.0
PAN,1,2008,,,,63.8
PAN,0,2003,,,,61.3
PAN,1,2003,,,,63.2
PAN,0,1997,,,,59.6
PAN,1,1997,,,,59.2
PER,0,2017,,,,71.0
PER,1,2017,,,,70.2
PLW,0,2014,,,,55.8
PLW,1,2014,,,,85.6
PNG,0,2010,,,,48.3
PNG,1,2010,,,,60.3
POL,0,2021,,,,57.3
POL,1,2021,,,,49.9
POL,0,2020,,,,56.1
POL,1,2020,,,,51.6
POL,0,2019,,,,56.2
POL,1,2019,,,,51.1
POL,0,2018,,,,56.4
POL,1,2018,,,,46.4
POL,0,2017,,,,56.5
POL,1,2017,,,,43.3
POL,0,2016,,,,56.4
POL,1,2016,,,,34.4
POL,0,2015,,,,56.3
POL,1,2015,,,,30.3
POL,0,2014,,,,56.5
POL,1,2014,,,,27.8
POL,0,2013,,,,56.2
POL,1,2013,,,,23.7
POL,0,2012,,,,56.2
POL,1,2012,,,,20.2
POL,0,2011,,,,55.9
POL,1,2011,,,,18.6
POL,0,2010,,,,55.6
POL,1,2010,,,,19.0
POL,0,2009,,,,55.3
POL,1,2009,,,,18.2
POL,0,2008,,,,54.6
POL,1,2008,,,,18.2
POL,0,2007,,,,54.1
POL,1,2007,,,,15.4
POL,0,2006,,,,54.5
POL,1,2006,,,,16.0
POL,0,2005,,,,55.5
POL,1,2005,,,,15.5
POL,0,2004,,,,54.9
POL,1,2004,,,,16.2
PRT,0,1999,,,,60.3
PRT,1,1999,,,,67.9
PRY,0,2007,,,,68.7
PRY,1,2007,,,,70.4
PRY,0,2006,,,,67.0
PRY,1,2006,,,,69.7
PRY,0,2005,,,,70.4
PRY,1,2005,,,,67.6
PRY,0,2004,,,,71.4
PRY,1,2004,,,,71.4
PRY,0,2003,,,,67.5
PRY,1,2003,,,,69.2
PRY,0,2002,,,,68.7
PRY,1,2002,,,,70.4
ROU,0,2021,,,,51.1
ROU,1,2021,,,,51.5
ROU,0,2020,,,,55.1
ROU,1,2020,,,,48.9
ROU,0,2019,,,,55.1
ROU,1,2019,,,,59.0
ROU,0,2018,,,,55.0
ROU,1,2018,,,,67.4
ROU,0,2017,,,,54.9
ROU,1,2017,,,,75.6
ROU,0,2014,,,,54.9
ROU,1,2014,,,,47.9
ROU,0,2013,,,,54.5
ROU,1,2013,,,,53.7
ROU,0,2012,,,,54.6
ROU,1,2012,,,,63.0
ROU,0,2010,,,,54.9
ROU,1,2010,,,,70.4
ROU,0,2009,,,,54.4
ROU,1,2009,,,,64.8
ROU,0,2008,,,,54.5
ROU,1,2008,,,,55.7
ROU,0,2007,,,,54.8
ROU,1,2007,,,,59.3
ROU,0,2005,,,,53.9
ROU,1,2005,,,,53.6
ROU,0,2004,,,,55.6
ROU,1,2004,,,,58.9
RWA,0,2021,,,,57.9
RWA,1,2021,,,,64.1
RWA,0,2020,,,,62.5
RWA,1,2020,,,,67.6
RWA,0,2017,,,,60.2
RWA,1,2017,,,,64.6
RWA,0,2014,,,,84.4
RWA,1,2014,,,,69.1
SEN,0,2018,,,,49.3
SEN,1,2018,,,,46.9
SLB,0,2013,,,,86.0
SLB,1,2013,,,,79.0
SLE,0,2014,,,,62.7
SLE,1,2014,,,,57.0
SLE,0,2003,,,,65.3
SLE,1,2003,,,,69.1
SLE,0,2015,,,,64.5
SLE,1,2015,,,,62.8
SOM,0,2019,,,,34.0
SOM,1,2019,,,,35.8
SRB,0,2021,,,,58.5
SRB,1,2021,,,,46.8
SRB,1,2020,,,,54.7
SRB,1,2019,,,,55.6
SRB,1,2018,,,,55.4
SRB,1,2017,,,,54.9
SRB,1,2016,,,,54.3
SRB,1,2015,,,,52.3
SRB,0,2014,,,,52.8
SRB,1,2014,,,,44.9
SRB,0,2013,,,,49.5
SRB,1,2013,,,,39.7
SRB,0,2012,,,,47.5
SRB,1,2012,,,,38.6
SRB,0,2011,,,,47.3
SRB,1,2011,,,,38.5
SRB,0,2010,,,,47.7
SRB,1,2010,,,,39.1
SUR,0,2016,,,,57.7
SUR,1,2016,,,,55.0
SVK,0,2021,,,,65.3
SVK,1,2021,,,,68.1
SVK,0,2020,,,,59.1
SVK,1,2020,,,,54.8
SVK,0,2019,,,,59.7
SVK,1,2019,,,,56.7
SVK,0,2018,,,,59.9
SVK,1,2018,,,,54.1
SVK,0,2017,,,,60.0
SVK,1,2017,,,,52.6
SVK,0,2016,,,,60.2
SVK,1,2016,,,,47.3
SVK,0,2015,,,,59.8
SVK,1,2015,,,,47.2
SVK,0,2014,,,,59.8
SVK,1,2014,,,,45.9
SVK,0,2013,,,,59.3
SVK,1,2013,,,,57.4
SVK,0,2012,,,,59.3
SVK,1,2012,,,,52.7
SVK,0,2011,,,,58.7
SVK,1,2011,,,,49.6
SVK,0,2010,,,,59.1
SVK,1,2010,,,,50.2
SVK,0,2009,,,,58.9
SVK,1,2009,,,,54.1
SVK,0,2008,,,,59.3
SVK,1,2008,,,,58.2
SVK,0,2007,,,,58.9
SVK,1,2007,,,,54.4
SVK,0,2006,,,,59.3
SVK,1,2006,,,,46.8
SVK,0,2005,,,,59.6
SVK,1,2005,,,,48.2
SVK,0,2004,,,,60.2
SVK,1,2004,,,,49.2
SVK,0,2003,,,,60.2
SVK,1,2003,,,,51.8
SVN,0,2021,,,,58.8
SVN,1,2021,,,,55.6
SVN,0,2020,,,,57.4
SVN,1,2020,,,,61.1
SVN,0,2019,,,,58.0
SVN,1,2019,,,,58.6
SVN,0,2018,,,,58.8
SVN,1,2018,,,,58.9
SVN,0,2017,,,,58.3
SVN,1,2017,,,,59.5
SVN,0,2016,,,,56.4
SVN,1,2016,,,,58.1
SVN,0,2015,,,,57.4
SVN,1,2015,,,,56.8
SVN,0,2014,,,,57.8
SVN,1,2014,,,,56.5
SVN,0,2013,,,,56.9
SVN,1,2013,,,,60.5
SVN,0,2012,,,,57.4
SVN,1,2012,,,,59.1
SVN,0,2011,,,,57.9
SVN,1,2011,,,,58.0
SVN,0,2010,,,,59.0
SVN,1,2010,,,,61.0
SVN,0,2009,,,,59.5
SVN,1,2009,,,,59.4
SVN,0,2008,,,,59.5
SVN,1,2008,,,,60.1
SVN,0,2007,,,,59.7
SVN,1,2007,,,,59.8
SVN,0,2006,,,,59.3
SVN,1,2006,,,,59.4
SVN,0,2005,,,,59.1
SVN,1,2005,,,,61.8
SVN,0,2004,,,,58.8
SVN,1,2004,,,,61.2
SVN,0,2003,,,,56.3
SVN,1,2003,,,,59.5
SVN,0,2002,,,,57.2
SVN,1,2002,,,,61.2
SVN,1,2001,,,,58.2
SWE,0,2021,,,,65.4
SWE,1,2021,,,,71.3
SWE,0,2020,,,,73.2
SWE,1,2020,,,,73.5
SWE,0,2019,,,,73.5
SWE,1,2019,,,,72.7
SWE,0,2018,,,,73.2
SWE,1,2018,,,,72.4
SWE,0,2017,,,,72.7
SWE,1,2017,,,,72.8
SWE,0,2016,,,,72.3
SWE,1,2016,,,,71.4
SWE,0,2015,,,,72.3
SWE,1,2015,,,,71.0
SWE,0,2014,,,,72.4
SWE,1,2014,,,,70.3
SWE,0,2013,,,,72.1
SWE,1,2013,,,,69.0
SWE,0,2012,,,,71.8
SWE,1,2012,,,,68.1
SWE,0,2011,,,,71.6
SWE,1,2011,,,,67.7
SWE,0,2010,,,,71.4
SWE,1,2010,,,,66.4
SWE,0,2009,,,,71.4
SWE,1,2009,,,,66.9
SWE,0,2008,,,,72.1
SWE,1,2008,,,,67.3
SWE,0,2007,,,,72.2
SWE,1,2007,,,,65.5
SWE,0,2006,,,,71.9
SWE,1,2006,,,,64.9
SWE,0,2005,,,,71.4
SWE,1,2005,,,,64.3
SWE,0,2004,,,,71.0
SWE,1,2004,,,,63.0
SWE,0,2003,,,,71.5
SWE,1,2003,,,,62.6
SWE,0,2002,,,,71.5
SWE,1,2002,,,,61.2
SWE,0,2001,,,,71.4
SWE,1,2001,,,,62.5
SWE,0,2000,,,,70.0
SWE,1,2000,,,,60.3
SWE,0,1999,,,,70.5
SWE,1,1999,,,,60.2
SWE,0,1998,,,,69.0
SWE,1,1998,,,,62.8
SWE,0,1997,,,,60.3
SWE,1,1997,,,,64.9
SWZ,0,2021,,,,48.6
SWZ,1,2021,,,,62.8
SWZ,0,2016,,,,50.8
SWZ,1,2016,,,,64.5
TCD,0,2018,,,,60.0
TCD,1,2018,,,,55.9
TGO,0,2017,,,,57.9
TGO,1,2017,,,,60.7
TGO,0,2015,,,,75.0
TGO,1,2015,,,,75.2
THA,0,2020,,,,68.1
THA,1,2020,,,,85.7
TJK,0,2009,,,,42.6
TJK,1,2009,,,,36.1
TJK,0,2007,,,,44.8
TJK,1,2007,,,,36.9
TLS,0,2021,,,,34.6
TLS,1,2021,,,,41.5
TLS,0,2013,,,,54.6
TLS,1,2013,,,,57.2
TLS,0,2010,,,,41.3
TLS,1,2010,,,,59.5
TLS,0,2007,,,,62.2
TLS,1,2007,,,,60.2
TLS,0,2001,,,,58.9
TLS,1,2001,,,,46.4
TON,0,2018,,,,53.7
TON,1,2018,,,,59.0
TON,0,2021,,,,59.8
TON,1,2021,,,,48.9
TTO,0,2021,,,,54.6
TTO,1,2021,,,,45.2
TTO,0,2020,,,,55.3
TTO,1,2020,,,,48.6
TTO,0,2019,,,,57.3
TTO,1,2019,,,,47.5
TTO,0,2016,,,,59.6
TTO,1,2016,,,,51.7
TTO,0,2015,,,,60.4
TTO,1,2015,,,,49.9
TTO,0,2014,,,,61.7
TTO,1,2014,,,,54.2
TTO,0,2013,,,,61.1
TTO,1,2013,,,,50.2
TTO,0,2012,,,,61.6
TTO,1,2012,,,,46.4
TTO,0,2011,,,,60.3
TTO,1,2011,,,,50.2
TTO,0,2010,,,,61.1
TTO,1,2010,,,,52.2
TUR,0,2021,,,,51.6
TUR,1,2021,,,,43.1
TUV,0,2016,,,,57.6
TUV,1,2016,,,,58.6
TZA,0,2020,,,,80.4
TZA,1,2020,,,,81.0
TZA,0,2012,,,,83.3
TZA,1,2012,,,,87.7
UGA,0,2021,,,,46.9
UGA,1,2021,,,,54.5
UGA,0,2012,,,,70.6
UGA,1,2012,,,,69.8
UKR,0,2021,,,,54.9
UKR,1,2021,,,,39.4
URY,0,2019,,,,63.6
URY,1,2019,,,,65.6
URY,0,2018,,,,63.7
URY,1,2018,,,,62.1
URY,0,2017,,,,64.2
URY,1,2017,,,,60.8
URY,0,2016,,,,64.8
URY,1,2016,,,,58.1
URY,0,2015,,,,65.1
URY,1,2015,,,,59.5
URY,0,2014,,,,66.1
URY,1,2014,,,,56.1
URY,0,2013,,,,65.2
URY,1,2013,,,,52.3
URY,0,2012,,,,65.5
URY,1,2012,,,,54.2
URY,0,2011,,,,66.3
URY,1,2011,,,,54.6
URY,0,2010,,,,64.6
URY,1,2010,,,,51.4
URY,0,2009,,,,65.2
URY,1,2009,,,,49.4
URY,0,2008,,,,64.5
URY,1,2008,,,,47.2
URY,0,2007,,,,64.3
URY,1,2007,,,,48.0
USA,0,2022,,,,61.5
USA,1,2022,,,,65.3
USA,0,2021,,,,61.1
USA,1,2021,,,,64.3
USA,0,2020,,,,61.2
USA,1,2020,,,,64.2
USA,0,2019,,,,62.6
USA,1,2019,,,,65.5
USA,0,2018,,,,62.3
USA,1,2018,,,,65.4
USA,0,2017,,,,62.3
USA,1,2017,,,,65.5
USA,0,2016,,,,62.3
USA,1,2016,,,,64.8
USA,0,2015,,,,62.2
USA,1,2015,,,,65.0
USA,0,2014,,,,62.3
USA,1,2014,,,,65.7
USA,0,2013,,,,62.7
USA,1,2013,,,,66.0
USA,0,2012,,,,63.2
USA,1,2012,,,,65.9
USA,0,2011,,,,63.6
USA,1,2011,,,,66.6
USA,0,2010,,,,64.1
USA,1,2010,,,,67.6
USA,0,2009,,,,64.9
USA,1,2009,,,,67.7
USA,0,2008,,,,65.6
USA,1,2008,,,,68.0
USA,0,2007,,,,65.6
USA,1,2007,,,,68.2
USA,0,2006,,,,65.8
USA,1,2006,,,,68.3
USA,0,2005,,,,65.8
USA,1,2005,,,,67.4
USA,0,2004,,,,65.7
USA,1,2004,,,,67.4
USA,0,2003,,,,66.1
USA,1,2003,,,,67.3
USA,0,2002,,,,66.4
USA,1,2002,,,,67.4
USA,0,2001,,,,66.7
USA,1,2001,,,,67.7
USA,0,2000,,,,67.0
USA,1,2000,,,,67.4
USA,0,1999,,,,67.2
USA,1,1999,,,,66.0
USA,0,1998,,,,67.2
USA,1,1998,,,,66.0
USA,0,1997,,,,67.4
USA,1,1997,,,,66.0
USA,0,1996,,,,67.2
USA,1,1996,,,,64.7
USA,0,1995,,,,67.1
USA,1,1995,,,,63.7
VNM,0,2020,,,,73.9
VNM,1,2020,,,,60.5
VNM,0,2019,,,,76.2
VNM,1,2019,,,,55.1
VUT,0,2009,,,,70.9
VUT,1,2009,,,,69.2
ZAF,0,2017,,,,57.9
ZAF,1,2017,,,,74.0
ZMB,0,2021,,,,60.1
ZMB,1,2021,,,,66.5
ZMB,0,2020,,,,61.1
ZMB,1,2020,,,,67.3
ZMB,0,2019,,,,59.6
ZMB,1,2019,,,,57.5
ZMB,0,2017,,,,45.7
ZMB,1,2017,,,,47.3
ZWE,0,2019,,,,65.9
ZWE,1,2019,,,,53.6
ZWE,0,2014,,,,84.7
ZWE,1,2014,,,,73.4
